phi_exact,phi_gas,W_gas,kernel_phi,mc_phi,exact_evals,gas_evals,kernel_evals,mc_evals,rmse_gas,mae_gas,rmse_kernel,rmse_mc,sim_cov,mar_cov,sign_cert,mean_width,max_width,status,converged,delta1_coupon,reported_coverage_level,coupon_threshold_satisfied,certificate_at_nominal_level,certificate_is_rigorous,instance,cluster
"[-4.57147691e-04 -4.78846624e-04 -2.97835319e-03 -2.51418663e-03
 -6.72729131e-03 -1.99368897e-02 -1.66211613e-02 -2.56636757e-01
  2.07599566e-03  1.09923488e-04 -1.69269975e-02]","[-2.20253798e-04 -7.74691596e-04 -2.99280306e-03 -1.81415772e-03
 -6.38696838e-03 -1.90448826e-02 -1.59283096e-02 -2.60309964e-01
  2.57115288e-03  3.12406836e-04 -1.65032408e-02]","[1.0080406  1.70978301 1.35354869 1.39754227 1.01658548 1.26244656
 1.33278094 1.79901414 1.34904079 1.01770367 1.34343305]","[-0.00271597  0.         -0.00114972  0.00088362 -0.004675   -0.02061255
 -0.01751067 -0.25373133  0.00314024 -0.00620483 -0.0185155 ]","[-3.33330286e-04 -2.44568849e-04 -2.04900285e-03 -1.57249276e-03
 -4.36326011e-03 -1.25915855e-02 -1.15006821e-02 -1.35797010e-01
  1.46279375e-03 -1.02033476e-05 -1.00455586e-02]",2048,1440,256,1662,0.0012054282578478782,0.0007242730278738507,0.0026569602837839172,0.036602994403483836,1.0,1.0,0.0,1.3263562913564229,1.7990141398034711,BUDGET_EXHAUSTED,False,59.58239416186495,0.0,False,False,False,0,0
"[ 0.00161781  0.0103378   0.02696933  0.05701402  0.03112105 -0.0352044
  0.11740243  0.24006914 -0.04440759 -0.00117923 -0.00066467]","[ 0.00196837  0.01034867  0.02683014  0.05695179  0.03115531 -0.03685379
  0.11730321  0.24161155 -0.04410621 -0.00113726 -0.00099609]","[1.87718535 1.88426636 1.41947494 2.33450163 2.2307237  1.43192803
 2.37476725 1.83952409 1.42445022 1.86209561 1.71186338]","[ 0.          0.0071675   0.02988091  0.0569843   0.03413727 -0.03552159
  0.11395161  0.24546759 -0.04165707 -0.00417833 -0.00315649]","[ 0.00084959  0.00357504  0.01201141  0.01907903  0.01482381 -0.02301522
  0.04239713  0.0899884  -0.02222381 -0.00051046 -0.00127   ]",2048,1420,256,1602,0.0007044804089567068,0.00041480707130980203,0.0029258245173885275,0.05288603630550727,1.0,1.0,0.0,1.8537073218094442,2.3747672483871547,BUDGET_EXHAUSTED,False,60.18498737849252,0.0,False,False,False,1,1
"[0.00118521 0.00044237 0.00319936 0.01877295 0.01177191 0.05491395
 0.06266741 0.34604215 0.04431065 0.00095938 0.06504184]","[0.00224096 0.00131736 0.00389975 0.01859499 0.01286632 0.05473138
 0.06061085 0.3460313  0.04270872 0.0022727  0.06403284]","[2.4022024  2.88764704 1.77635874 2.34112425 2.58723662 2.25707905
 1.83301445 2.52226765 1.83565535 2.91434961 2.49776232]","[ 0.00312867 -0.01063336  0.01200248  0.0150991   0.01668176  0.04672716
  0.0583944   0.34717859  0.0518692   0.          0.06885918]","[7.66507099e-04 8.62437201e-05 1.63860035e-03 1.17874473e-02
 6.68046295e-03 3.22084297e-02 3.54703392e-02 1.40503381e-01
 2.40073138e-02 5.95955230e-04 3.33410013e-02]",2048,1435,256,1648,0.0010942888659043627,0.0009161579447974199,0.006035841700006302,0.06395748951571784,1.0,1.0,0.0,2.350427044158087,2.914349614205107,BUDGET_EXHAUSTED,False,59.31900219461208,0.0,False,False,False,2,0
"[ 0.00144034  0.00077747  0.00223419  0.03189686  0.01398455  0.03958687
 -0.05553095  0.34148249  0.00931503 -0.00183674  0.03853098]","[ 0.00146998  0.00069872  0.00195368  0.03018824  0.01366768  0.04057256
 -0.05347442  0.34026657  0.00855779 -0.00239334  0.04037362]","[2.50684574 2.63331198 1.52218871 1.98872315 1.54780634 2.51771261
 1.55382392 1.60470541 1.59474956 2.49033675 2.07628678]","[ 0.          0.00358907  0.00613819  0.03086312  0.00988543  0.03980748
 -0.05308185  0.33716487  0.00603333 -0.00418928  0.04567071]","[ 0.00094727  0.00058306  0.00246755  0.02095423  0.01074001  0.02080101
 -0.03707669  0.17316113  0.00603531 -0.00124078  0.02256619]",2048,1431,256,1683,0.001130705940385521,0.0008935468613556857,0.003504030388166574,0.051717886341284165,1.0,1.0,0.0,2.0033173610919413,2.6333119844722264,BUDGET_EXHAUSTED,False,58.272347832418035,0.0,False,False,False,3,1
"[ 2.59031726e-03  9.43100870e-03  4.78637330e-02  7.91421254e-02
 -1.84372175e-02  5.26239657e-02  1.14660008e-01  3.63099948e-01
  3.10183548e-02  9.33513715e-05 -2.58362753e-02]","[ 0.00310542  0.00895104  0.04500562  0.07477068 -0.01866545  0.05256522
  0.11369352  0.3710456   0.03289724 -0.0005453  -0.02657427]","[1.99769503 2.69927522 3.26345616 3.53652916 2.0144306  2.82680682
 2.20096316 2.67741049 2.03743451 2.72124728 3.10732471]","[ 0.          0.01126099  0.05583364  0.07561956 -0.02858238  0.05747964
  0.1098428   0.3661129   0.02706809  0.00966395 -0.02804988]","[ 0.00134327  0.00670415  0.02963208  0.03768747 -0.01098238  0.02625867
  0.05287423  0.15394124  0.01597165 -0.00031096 -0.01585496]",2048,1478,256,1632,0.00296003385562431,0.0018799338828124274,0.005695873619837576,0.06789136684683855,1.0,1.0,0.0,2.6438702864339856,3.536529158338497,BUDGET_EXHAUSTED,False,60.42985196841669,0.0,False,False,False,4,0
"[ 1.83597168e-04  1.98207720e-03  4.10973793e-03  1.03376793e-02
  1.71337838e-03  2.70156757e-03  6.96690725e-02  2.69441411e-01
 -1.41309730e-02 -1.38424162e-03  3.31879991e-02]","[ 0.00037763  0.00173576  0.0049326   0.01029744  0.001884    0.00146139
  0.06921476  0.26837441 -0.01369266 -0.00076382  0.03398979]","[1.40169124 1.46158399 1.12613501 1.49046931 1.13910952 1.50394123
 1.14041455 1.80015753 1.97195333 1.53313666 1.5266486 ]","[ 0.          0.00143421  0.00314254  0.00787451  0.00441378  0.00300926
  0.07032949  0.26848895 -0.01334612 -0.00198768  0.03445235]","[ 0.00025761  0.00107446  0.00250672  0.00629986  0.00094742  0.00069008
  0.0321951   0.13352584 -0.00958427 -0.00078925  0.0193384 ]",2048,1474,256,1674,0.0006680355585711858,0.0005541891550598714,0.0013019365171073104,0.042762042075050986,1.0,1.0,0.0,1.463203724666443,1.9719533289517819,BUDGET_EXHAUSTED,False,60.89685029520063,0.0,False,False,False,5,1
"[ 1.21113777e-04  2.47391768e-03  4.62052884e-03 -1.42220543e-02
 -1.30412953e-02 -2.85680482e-02 -5.46244510e-02 -2.28813150e-01
 -8.31793641e-03 -7.61399408e-05 -1.87641391e-02]","[ 1.40577214e-04  2.90420605e-03  5.01223296e-03 -1.41161328e-02
 -1.32963145e-02 -2.70440282e-02 -5.49446348e-02 -2.30985800e-01
 -8.40105019e-03  1.52888878e-05 -1.84959983e-02]","[1.39143152 1.29008201 1.0446427  1.39052496 1.69740027 1.46360645
 1.6922388  1.25244158 1.04064766 1.26938356 1.44312345]","[ 0.          0.00600229  0.00511874 -0.01325713 -0.01218518 -0.02758626
 -0.05252821 -0.2349241  -0.01067641 -0.00335508 -0.0158203 ]","[-4.48004145e-05  1.18100613e-03  3.66759269e-03 -1.08341762e-02
 -8.44313596e-03 -2.19399480e-02 -3.79938333e-02 -1.35022797e-01
 -6.30761628e-03 -9.22054712e-05 -1.43300051e-02]",2048,1432,256,1640,0.0008338271304763833,0.0005147213013616229,0.0027312699200881456,0.028882317015967194,1.0,1.0,0.0,1.3614111778497995,1.6974002679698899,BUDGET_EXHAUSTED,False,58.88133681786965,0.0,False,False,False,6,0
"[ 1.32320676e-04  5.02962103e-04 -1.39148097e-03  9.78646697e-03
  1.09572882e-02  2.26723083e-02  2.36916688e-02  1.42245426e-01
  7.77745871e-04  9.11454328e-05  9.28859292e-03]","[-0.0001655   0.00028611 -0.00119726  0.0090028   0.01103271  0.02315575
  0.02380887  0.14230313  0.00100044  0.00016934  0.00935804]","[0.62627873 0.62764206 1.08216073 0.63754885 0.86418549 0.81757172
 0.883307   0.98595999 0.86837517 0.88397529 0.77987189]","[0.00062403 0.00092168 0.         0.01104938 0.01185631 0.02173047
 0.01990949 0.14195279 0.00138366 0.00078024 0.0085464 ]","[ 4.23417117e-05  3.22945080e-04 -8.77721955e-04  6.29963023e-03
  8.41875537e-03  1.64138733e-02  1.48078009e-02  8.31973019e-02
  5.55511816e-04  8.93345205e-05  6.37866835e-03]",2048,1421,256,1619,0.0003168852113073257,0.00023606163292813856,0.0013956732986794506,0.01817139553155818,1.0,1.0,0.0,0.8233524482808722,1.0821607319466133,BUDGET_EXHAUSTED,False,59.250688871336216,0.0,False,False,False,7,1
"[ 0.00165697  0.0002021  -0.00415932 -0.04585405 -0.0083974  -0.10524832
 -0.1104527  -0.19126144  0.01735858  0.00087884 -0.00748618]","[ 2.66594978e-03  9.60039767e-05 -3.70625798e-03 -4.77225711e-02
 -7.54537680e-03 -1.04424408e-01 -1.12835786e-01 -1.91452758e-01
  1.83467899e-02  1.54732786e-03 -7.73182695e-03]","[1.45608405 1.25606374 1.34176446 1.01581559 1.33707961 1.26557046
 1.09223394 1.38014363 1.36769338 1.66522142 1.35570426]","[-0.00213248  0.00754504 -0.00973912 -0.03842048 -0.01259773 -0.10063642
 -0.11271394 -0.18968344  0.01544944  0.         -0.00983379]","[ 0.00087838  0.00040219 -0.00211127 -0.02401259 -0.00251769 -0.05281943
 -0.05464303 -0.09272043  0.00870254  0.0004734  -0.00250279]",2048,1427,256,1664,0.0011008334000096904,0.0008717576313570896,0.004380899648259022,0.03836454853305616,1.0,1.0,0.0,1.3212158670525587,1.6652214158703553,BUDGET_EXHAUSTED,False,59.128428364513525,0.0,False,False,False,8,0
"[ 2.32962187e-04  5.51357222e-04 -4.71236695e-03 -2.05716204e-02
 -8.29826474e-03 -8.28724708e-02 -3.50570682e-02 -3.52142040e-01
  3.38962868e-03  6.65391950e-04 -3.24459025e-02]","[-0.00059012  0.00067816 -0.00441851 -0.02514065 -0.00938323 -0.07749173
 -0.03487607 -0.35041956  0.00278    -0.00045441 -0.03194427]","[2.8771754  1.77403435 2.94966704 2.39487115 2.4279516  2.31655934
 1.84779739 2.33976406 2.83512965 1.74198531 1.78522485]","[-0.00446817 -0.00216523 -0.00388967 -0.01758979 -0.0060696  -0.07863635
 -0.02977695 -0.35851582  0.00413912  0.         -0.03428794]","[ 0.0002349   0.00060633 -0.00208678 -0.01173456 -0.00601231 -0.05463881
 -0.0171086  -0.20876761  0.00320771  0.00074585 -0.02384011]",2048,1501,256,1643,0.0022696090454916,0.0014920931384407115,0.0035014619604666923,0.044558265316302394,1.0,1.0,0.0,2.299105467572105,2.9496670352504712,BUDGET_EXHAUSTED,False,59.812985473957006,0.0,False,False,False,9,1
"[ 0.00233002 -0.00169795  0.0164223  -0.14179354 -0.01584587 -0.18627433
 -0.08175818 -0.02996599  0.00046967 -0.00146848  0.0360996 ]","[ 0.00237926 -0.00140399  0.01455323 -0.1375107  -0.01590857 -0.18352169
 -0.08237314 -0.03142602 -0.00063362 -0.00146412  0.03382661]","[2.42639442 3.74878451 3.60356982 3.08912316 3.19155909 3.16079423
 2.34845032 3.26982236 3.11291329 2.33356053 3.22558689]","[-0.00675095  0.          0.01173577 -0.13805222 -0.0126958  -0.18290308
 -0.08607224 -0.03356893 -0.00366444  0.00973704  0.03875209]","[ 0.00109764 -0.00056431  0.0079897  -0.04597847 -0.0067512  -0.04872599
 -0.02467342  0.01215288  0.00281329 -0.00053862  0.01769423]",2048,1394,256,1621,0.0018683884923805382,0.001342371913694047,0.005426190156938164,0.055296295658390046,1.0,1.0,0.0,3.0464144205369426,3.7487845079515463,BUDGET_EXHAUSTED,False,63.740908198146556,0.0,False,False,False,10,0
"[-0.00051863  0.00029847 -0.01339965 -0.02040746 -0.00255626 -0.13154986
 -0.16884949 -0.22598728 -0.02105167 -0.0006106  -0.05579636]","[-8.63181423e-04  3.64677332e-06 -1.33625461e-02 -1.96837935e-02
 -2.08795146e-03 -1.31309885e-01 -1.79248330e-01 -2.15932083e-01
 -2.01386514e-02 -6.88415535e-04 -5.71176034e-02]","[2.27638321 2.32587808 2.32918884 2.7364809  1.71631318 2.44943627
 2.4767986  1.85901687 2.02571189 2.21764179 2.67561778]","[ 0.         -0.0115409  -0.02404322 -0.00744305 -0.0111922  -0.15247916
 -0.13825724 -0.21172724 -0.01657949 -0.00159383 -0.06557246]","[-2.74159050e-04  9.26438031e-05 -7.99379669e-03 -1.44504809e-02
 -9.07210975e-04 -8.27318474e-02 -1.07435362e-01 -1.29471903e-01
 -1.47067809e-02 -3.49868813e-04 -3.33950250e-02]",2048,1441,256,1655,0.00439871698277655,0.0022613230297960814,0.01411056987270762,0.03823347838071722,1.0,1.0,0.0,2.280769763901239,2.736480903290598,BUDGET_EXHAUSTED,False,58.40545217357474,0.0,False,False,False,11,1
"[ 9.44035800e-05  2.91005986e-03 -7.89028858e-03 -2.27737636e-02
 -1.39718457e-02 -8.02899515e-02 -6.35839165e-02 -2.38486323e-01
  7.18055619e-03 -8.15361448e-04  1.13722251e-02]","[ 0.00034442  0.00291661 -0.00760512 -0.02384856 -0.01435255 -0.08160748
 -0.06362338 -0.23694437  0.00770092 -0.00128031  0.01204562]","[1.04598467 1.69740884 1.71276424 1.42921227 1.0582516  1.08845529
 1.34906762 1.47126021 1.37145154 1.42271709 1.42450554]","[-0.00095409  0.00995045 -0.01020488 -0.01986699 -0.01272693 -0.08906024
 -0.0637891  -0.23550683  0.00624545  0.          0.00965896]","[ 4.37293464e-05  1.80448549e-03 -5.18147165e-03 -1.20889562e-02
 -7.12141418e-03 -5.10038965e-02 -4.16319815e-02 -1.30992491e-01
  4.18326040e-03 -4.83597110e-04  7.81973168e-03]",2048,1358,256,1735,0.0007686747550419826,0.0005958991687360394,0.003769913774823137,0.034490913792585884,1.0,1.0,0.0,1.3700980825864375,1.7127642444233766,BUDGET_EXHAUSTED,False,58.51192541207498,0.0,False,False,False,12,0
"[ 0.00148752  0.01384226  0.02492194  0.01513338  0.00999201 -0.01301232
  0.21366513  0.092135    0.02030169  0.00172766  0.00133691]","[ 0.00141064  0.01402839  0.02551039  0.01298179  0.01100427 -0.01519147
  0.21520195  0.0912425   0.02073389  0.00239963  0.00220919]","[1.66203296 1.62285481 1.27758818 2.01537756 2.19351157 1.29218547
 1.72993328 1.77761657 1.27061415 1.69895073 1.6400245 ]","[ 0.00336343  0.01374626  0.02608031  0.01108781  0.00615612 -0.01235385
  0.21571833  0.08913941  0.02142237  0.00717099  0.        ]","[ 0.00066857  0.00534267  0.01314146 -0.0004012   0.00398805 -0.01829614
  0.09017821  0.02054413  0.00851064  0.00099214 -0.00632766]",2048,1461,256,1696,0.001181182139717163,0.0009636565357557115,0.0027344014426353923,0.04378622614421811,1.0,1.0,0.0,1.6527899792819545,2.1935115722413405,BUDGET_EXHAUSTED,False,59.26939967215405,0.0,False,False,False,13,1
"[-0.00143594 -0.00039104  0.01582912 -0.03772444 -0.01898509 -0.08369431
 -0.05212292 -0.33154711  0.014063   -0.00159862  0.01324931]","[-1.49130084e-03 -1.97197501e-04  1.62068338e-02 -3.88827883e-02
 -1.91383786e-02 -8.57720844e-02 -4.99278822e-02 -3.30539919e-01
  1.40102861e-02 -1.94868089e-03  1.33230678e-02]","[2.05296967 1.52443662 1.87901279 2.37337737 1.48974696 1.55863707
 2.61620577 1.52231475 1.90029553 1.97939553 2.41316143]","[ 0.         -0.00300706  0.01753252 -0.03747468 -0.01486803 -0.08078166
 -0.04811066 -0.3377685   0.01368895 -0.00417026  0.01060132]","[-0.000764   -0.00019379  0.00968905 -0.02018747 -0.00567944 -0.04611437
 -0.03139166 -0.14023456  0.008995   -0.00115907  0.00815346]",2048,1459,256,1654,0.0010370035562749186,0.0006995552131093258,0.003102376910298312,0.0595568129376457,1.0,1.0,0.0,1.9372321364725884,2.616205768703934,BUDGET_EXHAUSTED,False,60.47451248244363,0.0,False,False,False,14,0
"[ 0.00089123  0.00366179  0.030067    0.02701865  0.00027442  0.036632
  0.19685071  0.14018319  0.02392714  0.00201039 -0.02457274]","[ 0.00041287  0.00326455  0.02916877  0.02656908  0.00037735  0.03482045
  0.19400979  0.14927637  0.02229969  0.00081953 -0.02407466]","[1.93483886 2.44599051 1.43659259 1.9127276  1.7197133  2.41332377
 1.45589619 2.20978819 1.47712879 1.39754032 1.9221914 ]","[ 0.          0.00439265  0.03029338  0.02677392  0.00063285  0.03558159
  0.19582462  0.13785434  0.02602046  0.0025478  -0.02297781]","[ 0.00109115  0.0016853   0.01505425  0.01208332 -0.00092099  0.01387965
  0.07771122  0.05969882  0.01665863  0.00128818 -0.01448037]",2048,1478,256,1625,0.0030114851197064287,0.001762579256564996,0.0012196304942405022,0.044516241425449875,1.0,1.0,0.0,1.8477937751379132,2.4459905109092106,BUDGET_EXHAUSTED,False,60.97294316385351,0.0,False,False,False,15,1
"[ 6.91726478e-05 -2.02381313e-04  1.18140533e-02 -5.47853774e-02
  5.76019594e-03 -1.11306038e-01 -3.08968816e-02 -1.74757695e-02
 -6.97083678e-02 -3.71606259e-04 -9.70840050e-03]","[-0.00084764 -0.0012795   0.00977018 -0.05314348  0.00487096 -0.10269734
 -0.02991358 -0.02422028 -0.06876773 -0.00066528 -0.00991771]","[2.43602548 1.93546294 1.82984484 1.5053443  2.06145777 1.56672961
 2.07856553 1.57311228 2.0326099  2.0570959  2.48951408]","[ 0.         -0.00685378  0.01253707 -0.05418386  0.01084275 -0.10986455
 -0.04007413 -0.01709798 -0.06308659 -0.00060488 -0.00842546]","[ 6.75102180e-05  3.65031152e-05  8.40345226e-03 -2.74359918e-02
  3.63055722e-03 -4.57955578e-02 -1.23006584e-02  1.32470975e-02
 -3.60816820e-02  9.79345365e-06 -2.44995172e-03]",2048,1397,256,1613,0.003454175189625014,0.00221355249905285,0.004295384532626182,0.026162317105054955,1.0,1.0,0.0,1.9605238756216712,2.4895140777737343,BUDGET_EXHAUSTED,False,60.95210157714666,0.0,False,False,False,16,0
"[ 1.16292431e-04 -6.94021957e-03  1.96559237e-03 -3.92974213e-02
  1.29363964e-03  1.34690161e-02 -1.35673156e-01 -3.69072062e-01
 -3.13569861e-03  2.07679555e-03 -4.30978439e-02]","[ 0.0007199  -0.00681988  0.00281048 -0.04036097  0.00083975  0.01583555
 -0.13819802 -0.36572979 -0.00258643  0.0021361  -0.04694176]","[1.6165949  2.50745041 2.07320773 1.64875108 2.21099621 2.03499659
 2.82049195 2.23897946 2.15128897 1.62096292 2.23204618]","[-0.00630867 -0.02472642  0.         -0.03259103  0.01096556  0.01334197
 -0.13221487 -0.36512481 -0.0064272   0.00883947 -0.04404905]","[ 4.57184703e-05 -3.77088387e-03  4.76620270e-04 -2.64224210e-02
  1.13799054e-04  6.74408401e-03 -7.06043939e-02 -1.73320655e-01
 -1.36648706e-03  9.95165414e-04 -2.26502823e-02]",2048,1443,256,1632,0.0019225188941467191,0.0014338562590588291,0.00729285778631988,0.06266767237903591,1.0,1.0,0.0,2.1050696735715655,2.820491949739065,BUDGET_EXHAUSTED,False,58.67834284818668,0.0,False,False,False,17,1
"[ 8.91991663e-05 -1.63497602e-03  3.67505059e-03 -1.12609375e-02
 -1.50341506e-03  1.04683389e-02 -2.70663573e-02 -2.78483556e-01
 -3.24201251e-03  3.48911848e-04 -1.96044249e-02]","[-7.55795899e-07 -1.66852255e-03  2.65872289e-03 -1.00339217e-02
 -1.35928115e-03  9.88468208e-03 -2.43970762e-02 -2.81136481e-01
 -2.81983748e-03  8.87369286e-06 -1.93505820e-02]","[1.37021748 1.34672791 1.36296242 1.08975071 1.49012814 1.7374328
 1.50073518 1.67869262 1.50869928 1.43987559 1.10722636]","[-0.00270067 -0.00162081  0.         -0.00848336 -0.00246409  0.01050163
 -0.02142764 -0.2815944  -0.00612488  0.00340128 -0.01770124]","[ 5.30761974e-05 -1.12898614e-03  1.82203665e-03 -5.78580745e-03
 -8.00110437e-04  5.57242803e-03 -1.45225548e-02 -1.41263015e-01
 -1.82002582e-03  2.34971696e-04 -1.18263191e-02]",2048,1479,256,1532,0.0012588054138458079,0.0008575361443088404,0.002902209507361353,0.04167786703322262,1.0,1.0,0.0,1.421131680651917,1.737432795424585,BUDGET_EXHAUSTED,False,59.383318636538945,0.0,False,False,False,18,0
"[ 2.04887004e-04  4.40850325e-04  6.79690173e-03  2.34899113e-02
  5.59518615e-03  3.15438857e-02  3.48076978e-02  2.26208256e-01
  1.59171565e-02 -9.30265215e-04  2.93088886e-02]","[ 4.85453709e-04  1.62066598e-04  6.59205527e-03  2.25726943e-02
  5.58721220e-03  3.15496752e-02  3.30338264e-02  2.29246738e-01
  1.58052284e-02 -1.13788611e-03  2.94862918e-02]","[1.35453424 1.48603048 1.50563212 1.47681558 1.08529838 1.82310461
 1.51034967 1.11145386 1.35485238 1.46746719 1.50845689]","[-0.00178749 -0.00139685  0.00557045  0.02226768  0.00676837  0.02620079
  0.04159715  0.22352992  0.0192143   0.          0.03141904]","[-1.38360902e-05  2.76257602e-04  3.90030176e-03  1.54968428e-02
  3.57904155e-03  1.95066374e-02  2.30624098e-02  1.15275555e-01
  9.12702355e-03 -9.50453459e-04  1.77190586e-02]",2048,1477,256,1539,0.0011080648173666455,0.0006367711895919416,0.003158383371794316,0.03417303706944711,1.0,1.0,0.0,1.4258177636456344,1.8231046107198465,BUDGET_EXHAUSTED,False,58.56393973783035,0.0,False,False,False,19,1
"[ 0.00691615 -0.00548284  0.00521638 -0.06541443 -0.0357361   0.01020671
 -0.11519763 -0.15172103  0.00976559  0.0044905  -0.0114348 ]","[ 0.005202   -0.00718196  0.00428405 -0.06690227 -0.03689766  0.0117385
 -0.1092675  -0.15001146  0.01029057  0.00367148 -0.01331726]","[0.99693377 0.99067087 0.99548123 1.34608139 1.33293766 1.30297576
 1.6409544  1.32441873 1.60896503 0.98751138 1.69829654]","[ 0.00676154  0.          0.00137756 -0.06616005 -0.03624835  0.00760539
 -0.11347194 -0.1528252   0.01049121  0.00513959 -0.01106126]","[ 0.00229265 -0.00163983  0.00354214 -0.01882399 -0.01545477  0.01632039
 -0.03978882 -0.06733405  0.00876359  0.00261108 -0.00225853]",2048,1473,256,1649,0.0022397850743709567,0.0017629975961776423,0.0022901329878550706,0.03760406204947423,1.0,1.0,0.0,1.293202433062628,1.6982965375785337,BUDGET_EXHAUSTED,False,61.95964839229949,0.0,False,False,False,20,0
"[ 1.40947017e-03  9.16878599e-04 -1.11404588e-02 -2.54339286e-02
 -6.79665158e-03 -5.38930055e-02 -6.46055673e-02 -3.66788966e-01
 -1.26137658e-02 -2.41111554e-04 -4.96961769e-02]","[ 0.00215033  0.00284797 -0.01108124 -0.02595343 -0.00683461 -0.05510134
 -0.06972987 -0.36655989 -0.01089929  0.00228467 -0.05000659]","[2.28631966 3.11470233 2.33427233 2.24948191 2.75760454 3.68905527
 2.31745017 3.09219566 3.66143826 3.9525701  3.40384572]","[ 0.00553854 -0.00733374 -0.00352803 -0.02170763 -0.01302944 -0.05043623
 -0.06316053 -0.37655301 -0.01278729  0.         -0.04588592]","[ 0.00091604  0.00083513 -0.00529081 -0.01539346 -0.00403323 -0.02819965
 -0.04022981 -0.20822526 -0.00816758 -0.00036425 -0.02945131]",2048,1414,256,1677,0.001947938655998768,0.0013091817762433918,0.005391780733080483,0.04951522049120799,1.0,1.0,0.0,2.987175995005362,3.952570104271955,BUDGET_EXHAUSTED,False,61.65131086514272,0.0,False,False,False,21,1
"[-2.55715901e-04  2.75382302e-03 -1.82656480e-02 -1.62498357e-02
 -1.58993239e-02 -1.01245874e-02 -2.69691229e-02 -2.95282165e-01
 -2.36850950e-02 -1.48241466e-04 -1.77860266e-02]","[-4.32301468e-04  3.20243217e-03 -1.63088733e-02 -1.55175040e-02
 -1.53664811e-02 -9.42981920e-03 -2.68906453e-02 -2.99565615e-01
 -2.15743868e-02 -1.35975399e-04 -1.98927701e-02]","[1.81265007 1.34384599 1.86856847 2.06399589 1.36091296 1.80391799
 1.81660135 1.86397889 1.77055114 1.79525342 1.65473392]","[ 0.00314954 -0.00235225 -0.01861261 -0.01290723 -0.01508697 -0.0061582
 -0.02719915 -0.29569276 -0.02864289  0.         -0.01840942]","[-1.45243658e-04  2.21633995e-03 -1.25982734e-02 -8.94050622e-03
 -1.16334914e-02 -6.49749723e-03 -1.86242386e-02 -1.71136025e-01
 -1.66003400e-02 -1.48025341e-04 -1.30007807e-02]",2048,1309,256,1691,0.0017218393598917483,0.0011939597149789205,0.002869353390920814,0.03774579249360066,1.0,1.0,0.0,1.741364553941775,2.063995888179147,BUDGET_EXHAUSTED,False,57.521961781376625,0.0,False,False,False,22,0
"[-5.11104541e-04  9.19164250e-04 -1.87833733e-03  1.77970416e-02
  2.62928583e-02  9.01520792e-03  3.41569648e-02  2.30599581e-01
  2.76501578e-03 -6.13103307e-05  3.93307970e-02]","[-2.24490037e-04  4.42324381e-04 -2.33537288e-03  1.91576531e-02
  2.56296515e-02  7.27494206e-03  3.30242360e-02  2.33766554e-01
  3.51646488e-03 -4.98131710e-04  3.86720469e-02]","[1.05958918 1.38709828 1.30269254 1.30449603 1.70612751 1.78352281
 1.3102664  1.07285056 1.05150149 1.44637433 1.71978573]","[-0.00477128  0.00544904 -0.00496583  0.01992945  0.03342283  0.00954803
  0.03460654  0.22752098 -0.0023667   0.          0.04005283]","[-0.00062474  0.00054832 -0.00190516  0.01167397  0.01850513  0.00382153
  0.0214559   0.11456427  0.00136449 -0.00011945  0.02581253]",2048,1352,256,1654,0.0012912387226842608,0.0010119360595622089,0.0035727327539122004,0.03559300913163343,1.0,1.0,0.0,1.3767549864919957,1.7835228050388165,BUDGET_EXHAUSTED,False,58.6073569696463,0.0,False,False,False,23,1
"[ 0.00250312  0.0005409   0.04221787  0.01974797  0.01144036  0.13859633
  0.10001229  0.22139237  0.00459125  0.00413392 -0.01357775]","[ 0.000631   -0.00100654  0.04252341  0.0201921   0.0119992   0.1347619
  0.10103638  0.22956387  0.00397843  0.00187958 -0.01396067]","[1.69307207 1.44200746 2.41851389 1.43104938 1.8045443  2.41361445
 2.00877036 1.4677543  1.86471847 2.18009966 1.81605888]","[-0.00598293  0.00822112  0.039123    0.01395229  0.00736893  0.15459571
  0.09334493  0.21944566  0.00914526  0.         -0.00761531]","[ 0.00118421  0.00026615  0.02157118  0.01093519  0.00608082  0.06841129
  0.04635451  0.08570096  0.00342969  0.00215905 -0.00913927]",2048,1470,256,1563,0.002933063425962799,0.0019098309709697876,0.00718803463271386,0.04933807096834059,1.0,1.0,0.0,1.8672912003007043,2.418513885510122,BUDGET_EXHAUSTED,False,60.94722554007163,0.0,False,False,False,24,0
"[ 0.00022944 -0.00503074  0.00265129  0.01798512  0.00167736  0.08396051
  0.09223672  0.1193504   0.01058976 -0.00203571  0.00670771]","[ 0.00103592 -0.00316677  0.00407962  0.01875321  0.00265847  0.08311041
  0.08924806  0.11228422  0.01163299  0.00044646  0.00823925]","[0.99193875 1.37610467 1.33334374 1.25997341 0.98576469 1.76010523
 1.58469347 1.04257819 1.28788213 1.27930112 1.31159082]","[ 0.         -0.00662145  0.00863444  0.00695224  0.00414142  0.0785898
  0.09271356  0.12198585  0.01131739 -0.00563024  0.01623883]","[ 0.00016784 -0.00263468  0.0019828   0.01162833  0.00097264  0.04871687
  0.05728698  0.05608827  0.00642803 -0.00119285  0.00445842]",2048,1485,256,1639,0.0026440043374885694,0.0019827170540868203,0.005278492046389142,0.024375625565979192,1.0,1.0,0.0,1.2921160186874705,1.7601052290641634,BUDGET_EXHAUSTED,False,59.48250806580005,0.0,False,False,False,25,1
"[ 0.00069246 -0.0032924   0.01243753  0.08523961 -0.00372853 -0.02497103
  0.08631259  0.43249867  0.03931865  0.00049871  0.03116648]","[ 0.00195453 -0.00195568  0.01206362  0.08726435 -0.00361558 -0.0233399
  0.08778244  0.42592971  0.03832259  0.00128943  0.03047725]","[2.69584637 2.81978815 2.05129095 2.87691125 3.16070001 3.38001919
 2.14973465 2.83746895 2.05399483 2.50466099 2.82363988]","[-0.00339964 -0.00264645  0.01857557  0.09154445 -0.00563845 -0.01886688
  0.08191134  0.43327094  0.03652833  0.          0.02489356]","[ 1.37777804e-04 -2.01829511e-03  6.58234081e-03  4.67745213e-02
 -2.46509280e-03 -1.59470213e-02  1.89092937e-02  1.90542584e-01
  2.28965828e-02  2.56764180e-04  1.27285103e-02]",2048,1410,256,1589,0.002290225639259885,0.0015687564001821426,0.004294279827566348,0.07704453308607825,1.0,1.0,0.0,2.6685504753390137,3.3800191938259747,BUDGET_EXHAUSTED,False,58.62277256266213,0.0,False,False,False,26,0
"[ 3.17530441e-04  5.05777549e-05 -2.25009127e-03  1.42351270e-02
  6.89516258e-03  1.54200133e-02  1.74263993e-02  2.57585692e-01
 -8.41724907e-03  7.74797777e-04  2.61532058e-02]","[ 0.00117062  0.00127823 -0.00197534  0.01426015  0.00742969  0.01397144
  0.01618471  0.25922026 -0.00861764  0.0004582   0.02481086]","[1.28813238 1.2918344  1.4465287  1.63728972 0.96587357 0.99802784
 1.3144969  1.57387004 1.3242524  0.96351664 0.99304741]","[ 0.         -0.00222168 -0.00690286  0.01543061  0.01407032  0.02092693
  0.01978513  0.2513434  -0.00235161 -0.00182692  0.01993783]","[ 1.37352047e-04  2.32546107e-05 -1.29976636e-03  7.38256412e-03
  4.00207669e-03  7.03369857e-03  9.12093924e-03  1.38518206e-01
 -4.80146072e-03  4.20110365e-04  1.42300125e-02]",2048,1389,256,1571,0.0009932017435844809,0.0008271991185237036,0.004640457002043473,0.036341815618358884,1.0,1.0,0.0,1.2542609087128993,1.6372897161345341,BUDGET_EXHAUSTED,False,59.260972450962406,0.0,False,False,False,27,1
"[ 0.00029846  0.00614728  0.02515354 -0.01883167  0.07515048 -0.10599126
 -0.12400953 -0.28200305  0.01263507  0.00104153 -0.07567835]","[-5.89006162e-04  4.88943689e-03  2.59875200e-02 -1.86783518e-02
  7.27626904e-02 -1.02833249e-01 -1.27324262e-01 -2.78432252e-01
  1.28936683e-02 -1.98703400e-04 -7.45649830e-02]","[2.14436657 2.74673159 2.19905861 1.64234935 1.67202483 2.03126648
 2.87843574 2.33019888 1.67386216 2.59243324 1.74013611]","[-0.01718705  0.00959289  0.03013032 -0.01151969  0.07436849 -0.10257368
 -0.12995883 -0.28165393  0.0217499   0.         -0.07903591]","[ 1.03566050e-04  2.17226263e-03  1.39234280e-02 -1.20090158e-02
  4.39483881e-02 -4.99826771e-02 -5.38908615e-02 -1.46572462e-01
  7.74662534e-03  4.71249483e-04 -3.08297134e-02]",2048,1356,256,1674,0.002030363256451584,0.0016523772466018943,0.0070006139882001,0.05186760173420837,1.0,1.0,0.0,2.1500785048029387,2.8784357414090143,BUDGET_EXHAUSTED,False,57.84128412418509,0.0,False,False,False,28,0
"[ 0.00038787 -0.00226038  0.00328435 -0.00954319  0.00043976  0.02685894
  0.07291404  0.29198097 -0.01860649  0.0036237   0.03683917]","[ 7.07235971e-05 -2.78942246e-03  3.21410078e-03 -1.05461128e-02
  4.45744786e-04  2.73711160e-02  7.48906623e-02  2.90787969e-01
 -1.88465667e-02  3.30736679e-03  3.80131614e-02]","[1.29188484 1.79338151 1.78552428 2.25393099 1.93360533 1.33431993
 1.78589989 1.74384867 1.30292461 1.70887257 1.77429771]","[-0.00248141  0.          0.00416653 -0.01036946  0.00241455  0.02754837
  0.07455119  0.29222384 -0.02128187  0.00243084  0.03671615]","[ 1.02144756e-04 -1.40057295e-03  3.84508039e-04 -6.56989017e-03
 -1.25471085e-03  1.00033892e-02  3.23994855e-02  1.31728430e-01
 -1.27849460e-02  1.61514460e-03  1.66112242e-02]",2048,1465,256,1659,0.0008800752792710479,0.0006670506704793026,0.0016655108838719472,0.05051953014543817,1.0,1.0,0.0,1.7007718472393263,2.253930989035889,BUDGET_EXHAUSTED,False,59.16313528782869,0.0,False,False,False,29,1
"[-4.33818319e-05 -1.05161006e-03 -4.93809007e-03 -2.02514568e-02
 -1.90928281e-02 -6.52978455e-02 -1.15749745e-01 -1.60841877e-01
 -1.64146676e-02 -1.91565836e-03  1.49718485e-02]","[-6.15887421e-05 -7.80088124e-04 -5.24812469e-03 -1.99148846e-02
 -1.85220346e-02 -6.52675557e-02 -1.18982936e-01 -1.58324297e-01
 -1.66085869e-02 -1.73496648e-03  1.48197503e-02]","[1.20906458 1.29121664 1.300225   0.95517564 1.25038354 0.97591245
 0.99018061 1.32006426 1.16303439 1.47602531 1.66364561]","[ 0.00161835 -0.00271801 -0.00183939 -0.02232904 -0.01918649 -0.07106904
 -0.11465743 -0.15657836 -0.01517988  0.          0.01131395]","[-0.00011087 -0.000605   -0.00329382 -0.011631   -0.00780837 -0.0426587
 -0.07171053 -0.08526845 -0.00864711 -0.00111376  0.00797289]",2048,1467,256,1537,0.0012611431103205257,0.0007104453907224432,0.0028717655648404414,0.027761726592936582,1.0,1.0,0.0,1.2359025490249473,1.6636456137720437,BUDGET_EXHAUSTED,False,60.31080198003349,0.0,False,False,False,30,0
"[ 0.00051885  0.00267901  0.0080652  -0.01382186  0.00162012 -0.02028809
 -0.20540924 -0.35510972  0.0476316  -0.00113353 -0.01163615]","[ 0.00461453  0.00513324  0.01067079 -0.01483602  0.00149205 -0.02245079
 -0.2177958  -0.35439581  0.05156268  0.00104081 -0.01191949]","[3.21427662 2.40070375 2.45615778 1.8549455  1.80873728 2.2633681
 3.10452144 1.8118411  2.85101762 2.3722932  1.86597892]","[-0.00168356  0.00974728  0.0076874  -0.01916807  0.         -0.02400174
 -0.19870343 -0.35819469  0.05265194 -0.00689075 -0.00832821]","[ 0.00044753  0.0015354   0.00463889 -0.00788686  0.00135081 -0.0103273
 -0.0796075  -0.1854034   0.02675244 -0.00053442 -0.00754824]",2048,1484,256,1650,0.0043641841652284075,0.002904514766227659,0.004509872055098305,0.0641212544833322,1.0,1.0,0.0,2.3639855727548764,3.214276615296082,BUDGET_EXHAUSTED,False,60.230182733320184,0.0,False,False,False,31,1
"[ 0.00089513 -0.00097758  0.02280554  0.0119273   0.01154384  0.12921355
  0.1522579   0.22197806  0.00227413  0.0015701   0.05593273]","[ 0.000398   -0.00161833  0.02379545  0.00976588  0.01143633  0.1338132
  0.15969691  0.21451131  0.00220162  0.00129963  0.05412069]","[1.77003524 2.81371366 1.88879756 2.2163696  2.44838885 1.93547233
 3.13623868 1.8829614  2.32336203 2.40006834 3.16724116]","[0.00959955 0.00560081 0.00613456 0.01310261 0.00709476 0.12844155
 0.14942589 0.2285588  0.0011905  0.         0.06027168]","[ 0.00047759 -0.00038686  0.01749917  0.00691716  0.0057902   0.07029089
  0.09034953  0.14525705  0.00035983  0.00086559  0.03622981]",2048,1395,256,1720,0.00359204720129944,0.0023688314951707144,0.006691430248799214,0.03525219802200537,1.0,1.0,0.0,2.362058986537081,3.167241161647834,BUDGET_EXHAUSTED,False,58.05496912076444,0.0,False,False,False,32,0
"[ 6.22254466e-04  5.13950678e-04 -5.02926944e-04  1.44598148e-02
  1.69774725e-03  1.26291854e-02  3.87585196e-02  3.29310339e-01
  1.78874005e-04  5.19249817e-05  2.41620111e-02]","[-4.64841804e-05  5.49548310e-04 -1.20232334e-03  1.53093715e-02
  1.41047614e-03  1.20771017e-02  4.10659751e-02  3.28724862e-01
  1.63610424e-04 -5.09141549e-04  2.43386977e-02]","[2.33177409 1.40443782 1.41243847 1.98245611 1.90356348 1.82785873
 1.73891003 1.99852632 1.77192869 1.82484389 2.01401955]","[ 0.0030812   0.00417686  0.00380968  0.00843231  0.          0.01139527
  0.04562616  0.32898376 -0.00450803 -0.00334776  0.02423225]","[ 2.95243985e-04  2.96656191e-04 -4.26119359e-04  9.35792401e-03
  9.73025507e-04  5.42424576e-03  2.25052468e-02  1.77977186e-01
  4.66150469e-04  3.69153902e-05  1.38683299e-02]",2048,1339,256,1673,0.0008559992363671998,0.000612599350607061,0.0038090635639066437,0.04607361731485832,1.0,1.0,0.0,1.8373415619872895,2.3317740885513625,BUDGET_EXHAUSTED,False,59.113476704629846,0.0,False,False,False,33,1
"[-0.00051973 -0.00058423 -0.00931539 -0.00768193 -0.01825743 -0.02115347
 -0.02544166 -0.29365733  0.00237806 -0.00058044 -0.03148909]","[ 1.42102164e-04 -1.93244098e-04 -1.00021084e-02 -7.01641461e-03
 -1.92713568e-02 -2.18588547e-02 -2.59888912e-02 -2.93213030e-01
  2.94253185e-03 -1.29158723e-04 -3.17142229e-02]","[1.69818011 1.305452   1.8325718  1.72466928 2.2072553  1.78238777
 1.33145071 2.210873   1.30660937 1.79741903 1.60875341]","[-0.00526472  0.         -0.00496917 -0.00603392 -0.01707136 -0.02285559
 -0.02269039 -0.29740023  0.00550065 -0.00522547 -0.03029245]","[-0.00048418 -0.00024736 -0.00609475 -0.00456489 -0.01096512 -0.01252599
 -0.01782026 -0.15906052  0.00145981 -0.000502   -0.02051133]",2048,1418,256,1625,0.0006105760084233676,0.0005778888418753924,0.003061541200228252,0.04094737549195163,1.0,1.0,0.0,1.7096019794721287,2.210872997967809,BUDGET_EXHAUSTED,False,59.26340255236432,0.0,False,False,False,34,0
"[-0.0004644   0.02105736  0.03634874  0.00601586 -0.03000303 -0.28316906
 -0.16380877 -0.14183887  0.05012758 -0.02357328  0.0394952 ]","[-0.0021924   0.01850139  0.03318333  0.00489508 -0.02946276 -0.27764233
 -0.15963555 -0.13821166  0.04837178 -0.0267229   0.03910337]","[1.96706865 2.4605405  2.74800909 2.65515923 2.62565277 2.68137829
 1.99426221 3.32650767 2.58551091 2.93162186 1.93119996]","[ 0.          0.02477621  0.03376673  0.00770109 -0.03871811 -0.29032151
 -0.16266975 -0.14614711  0.06283035 -0.02486124  0.04383067]","[ 0.00025922  0.00968874  0.01724759  0.00593407 -0.00616497 -0.089575
 -0.06896559 -0.05867632  0.0260719  -0.00660892  0.01858032]",2048,1386,256,1553,0.002944339761989055,0.002521349635987533,0.005659557264797847,0.07119542631776941,1.0,1.0,0.0,2.5369919215400363,3.3265076679859016,BUDGET_EXHAUSTED,False,61.413633053655715,0.0,False,False,False,35,1
"[-0.00059211 -0.00094693 -0.00308735 -0.02385989 -0.00593514 -0.00095211
 -0.04458445 -0.24384304 -0.02510752  0.00215086 -0.01515214]","[-1.38247544e-04 -8.57665945e-04 -3.04259903e-03 -2.50018871e-02
 -6.13294951e-03 -8.50487794e-04 -4.19633018e-02 -2.46079355e-01
 -2.58843133e-02  2.39298476e-03 -1.43519965e-02]","[1.57273429 1.22023664 1.63615846 1.2171119  1.48371668 1.58019208
 1.99203529 1.22950491 2.01526662 1.65019803 1.66632725]","[ 0.00194797 -0.00191136 -0.00105207 -0.02426142 -0.00486343 -0.00256121
 -0.03752455 -0.24618832 -0.02888906  0.         -0.01660638]","[-0.00057865 -0.0006427  -0.00219944 -0.01394174 -0.00331985 -0.00128013
 -0.02712311 -0.1322575  -0.01978015  0.0017217  -0.0090833 ]",2048,1383,256,1638,0.001157715405295724,0.0007914395677592741,0.0028889606338098617,0.03428202012028199,1.0,1.0,0.0,1.5694074685039832,2.0152666174429363,BUDGET_EXHAUSTED,False,58.939576874147946,0.0,False,False,False,36,0
"[-0.01992822 -0.00873355 -0.01871948  0.00910576  0.00626498 -0.03873621
 -0.11072529 -0.41784981 -0.0469337   0.00157048 -0.05834452]","[-0.01957463 -0.0082531  -0.01905265  0.00933685  0.00568819 -0.03857846
 -0.11166826 -0.41729733 -0.04592488  0.00149368 -0.05919897]","[2.25340256 3.0342509  3.63549838 3.07668285 3.45352219 2.32069573
 2.38213868 2.7397448  2.2193271  3.18831051 3.62847578]","[-0.02951874 -0.00506619 -0.02982538  0.01824267  0.         -0.0260269
 -0.11540234 -0.40568864 -0.04295761 -0.00774587 -0.05904055]","[-0.01527722 -0.006351   -0.01253979  0.00607154  0.00353534 -0.02753354
 -0.06773057 -0.19433857 -0.02803398  0.00070982 -0.04268909]",2048,1520,256,1670,0.0005897579728688371,0.0005062145555779455,0.008452461744734963,0.06916154004177733,1.0,1.0,0.0,2.9029135880249046,3.6354983771752374,BUDGET_EXHAUSTED,False,59.979241335115546,0.0,False,False,False,37,1
"[-2.55294359e-05  6.50281717e-03  1.30394735e-03  2.39064922e-02
  2.20295078e-03 -1.38109182e-02  6.48543581e-02  3.49899435e-01
 -5.78558914e-03  9.52048101e-04  2.31492644e-02]","[-5.54703902e-04  6.37211855e-03  1.35867339e-03  2.29364524e-02
  2.63799624e-03 -1.30800011e-02  6.75189893e-02  3.49775140e-01
 -5.60826062e-03 -9.28649608e-05  2.18857365e-02]","[1.8644357  1.39078662 2.19838413 1.78381255 1.37424562 1.98044497
 2.442628   1.8033971  1.38753421 1.92561986 1.74413336]","[ 0.          0.00486648  0.00642701  0.02511092  0.00176533 -0.01388649
  0.06193158  0.35270607 -0.00801341  0.00078529  0.02145648]","[-3.97617236e-05  4.87703569e-03  4.09226372e-04  1.69502010e-02
  2.38613493e-03 -7.87066241e-03  3.92149223e-02  1.64035686e-01
 -3.23118433e-03  5.32873555e-04  1.56799129e-02]",2048,1422,256,1616,0.0010357291920139891,0.0007386633486594612,0.002232982263733998,0.05669083597657524,1.0,1.0,0.0,1.8086747388252882,2.4426279967131714,BUDGET_EXHAUSTED,False,58.32735900432375,0.0,False,False,False,38,0
"[ 0.00059788 -0.00052317  0.03641798  0.01073575  0.02116624 -0.02931597
  0.03635019  0.28725872 -0.00234074  0.00083232  0.02104393]","[-0.0003306  -0.0014472   0.03988256  0.01034189  0.02050979 -0.02849464
  0.03480355  0.28796936 -0.00363437 -0.00038724  0.02301002]","[1.52770577 1.44706525 1.16707463 1.44418424 1.55845458 1.44286289
 1.53436485 1.17613843 1.53898178 1.83737094 1.5847187 ]","[-0.00603981  0.00148736  0.03782396  0.01197864  0.02347665 -0.03442392
  0.03906924  0.28317957  0.          0.00574039  0.01993105]","[ 0.0004474  -0.00032947  0.02048104  0.00635356  0.01241874 -0.01720465
  0.02375483  0.13594406 -0.00156449  0.00055021  0.01330179]",2048,1487,256,1586,0.0015046375264799077,0.0012659352722866263,0.0035405610065952276,0.046330675984088576,1.0,1.0,0.0,1.4780838226262267,1.837370936613973,BUDGET_EXHAUSTED,False,58.96818073407291,0.0,False,False,False,39,1
"[ 0.00067181  0.01280126 -0.01608327  0.00915887  0.04149138  0.1022867
  0.14606368  0.33113835 -0.00490989 -0.0007641   0.04397107]","[ 0.00233706  0.01303517 -0.01255447  0.00953252  0.03896067  0.10426516
  0.14310229  0.32326766 -0.00163307  0.00138325  0.0441296 ]","[2.08714154 2.03422968 3.09536594 2.05913716 3.40887288 3.40304666
 3.20008688 2.17160706 2.84009211 2.44533694 2.80151095]","[ 0.          0.01605415 -0.01351315  0.0092557   0.04186191  0.10118788
  0.14743019  0.32916306 -0.00872616 -0.00340422  0.04651649]","[ 0.00018719  0.00738564 -0.0092277   0.00210416  0.01642783  0.03813029
  0.05837164  0.11864732 -0.00500586 -0.00034151  0.02121805]",2048,1430,256,1567,0.003188474678753469,0.0024295981206507835,0.0021903661176469404,0.07275786503871247,1.0,1.0,0.0,2.686038889557386,3.4088728754912125,BUDGET_EXHAUSTED,False,59.08308493469372,0.0,False,False,False,40,0
"[ 0.00284541  0.00096335  0.01135782 -0.03403954 -0.01758556 -0.10415888
 -0.05026986 -0.32391048 -0.0053324  -0.00189895 -0.0745438 ]","[ 1.76981633e-03  2.14723298e-04  1.12611276e-02 -3.37228003e-02
 -1.65659192e-02 -1.03964479e-01 -4.99867033e-02 -3.23327874e-01
 -4.94237731e-03 -3.90692784e-03 -7.34014724e-02]","[2.47699006 2.51939689 2.44298462 2.6021216  1.9315353  2.69800951
 1.93805862 2.57567067 2.28810264 3.23515027 2.37663865]","[ 0.00225345  0.          0.02045854 -0.03521978 -0.02042227 -0.10536771
 -0.04846101 -0.32451134 -0.01056666 -0.00382263 -0.07091348]","[ 0.00118984  0.00071187  0.00551732 -0.01554234 -0.00671335 -0.04581723
 -0.02273679 -0.14804227 -0.00266117 -0.00085683 -0.02727781]",2048,1458,256,1626,0.0008950926939661157,0.0007143441671201602,0.0036044543372261194,0.05864454235840394,1.0,1.0,0.0,2.462241710969177,3.2351502718992124,BUDGET_EXHAUSTED,False,59.67518679398475,0.0,False,False,False,41,1
"[-0.00376445  0.0011761  -0.01581025  0.00831186 -0.05379532 -0.02117054
 -0.01908698 -0.07094691 -0.06741736 -0.00976116 -0.12209176]","[-0.00243689  0.00222647 -0.01386838  0.00848743 -0.05561874 -0.02163728
 -0.01926632 -0.07349348 -0.06824819 -0.00901717 -0.12148425]","[1.99831616 1.74503904 2.09787207 1.30313427 1.77822033 1.30268123
 2.21934703 1.77774653 1.29346467 1.49639622 1.81428222]","[-0.01799446  0.         -0.01963625  0.02583432 -0.05617733 -0.02735439
 -0.02236731 -0.06910675 -0.06336266 -0.00800381 -0.11618815]","[-0.0010713   0.00082667 -0.00451355  0.01021204 -0.01626115 -0.00097987
  0.00905171 -0.01254302 -0.02174877 -0.00275957 -0.03773108]",2048,1405,256,1629,0.0012912331177311962,0.0010630696104985868,0.007615733870029881,0.037427804675286384,1.0,1.0,0.0,1.7114999792000525,2.219347034788166,BUDGET_EXHAUSTED,False,60.037414601507635,0.0,False,False,False,42,0
"[-3.29473860e-04  7.32932586e-04  5.64635336e-03 -3.50426839e-02
 -6.96562260e-03 -5.45184298e-02 -1.96711033e-02 -5.28657972e-01
  1.32138654e-03  2.22039766e-04 -3.13187830e-02]","[-3.76250646e-04  1.01315714e-03  5.70928103e-03 -3.32144067e-02
 -7.41208239e-03 -5.30132408e-02 -2.16023417e-02 -5.31296966e-01
  1.17359809e-03  9.39514150e-05 -2.96560554e-02]","[4.05909191 3.46308232 3.32347488 3.14943965 2.57304739 2.68446833
 3.97568225 3.40407902 2.58642003 3.43684191 3.94913374]","[ 0.         -0.00314954  0.00190154 -0.03898713 -0.00152454 -0.0570229
 -0.01144969 -0.52612193  0.0047667   0.00436699 -0.04136086]","[-1.04064732e-04  4.69371589e-04  3.50423735e-03 -2.29100292e-02
 -5.14170622e-03 -3.94950917e-02 -1.41417798e-02 -2.98840067e-01
  9.53245493e-04  9.98457626e-05 -1.94477527e-02]",2048,1400,256,1605,0.0013276457380412283,0.0009707901931855999,0.005086160920059537,0.06965424496148766,1.0,1.0,0.0,3.327705584136065,4.0590919070577955,BUDGET_EXHAUSTED,False,61.153188856510184,0.0,False,False,False,43,1
"[-0.00208581 -0.00229755  0.00552225  0.03349314  0.00473544  0.08598621
  0.1444143   0.29887614 -0.03917919  0.00060884  0.04381763]","[ 0.00091903 -0.00070664  0.00742406  0.03050566  0.00521264  0.08441821
  0.14344531  0.29228293 -0.03669319  0.00255026  0.04453313]","[3.4051225  2.46258857 2.86660497 1.95987211 2.4875136  2.27144005
 2.59279494 2.12463252 2.80644216 2.74933857 3.53321947]","[-0.00344117  0.00898063  0.00454698  0.01637292  0.          0.0916942
  0.15002148  0.28597796 -0.04517699  0.01313291  0.05178248]","[-0.00100149 -0.00135145  0.00312712  0.01774597  0.00192711  0.05106834
  0.071559    0.15979129 -0.02588499  0.00060915  0.02523789]",2048,1509,256,1626,0.0027246168321429214,0.0022032145889543564,0.0092055375829655,0.04922800231348502,1.0,1.0,0.0,2.659960859294991,3.533219474678961,BUDGET_EXHAUSTED,False,61.09176690236661,0.0,False,False,False,44,0
"[-1.47975659e-04  1.14451673e-03  9.00963130e-03 -2.36153787e-02
 -6.10866796e-03 -4.58593073e-02 -1.07114517e-01 -3.02671879e-01
 -2.89413002e-03  8.29277556e-04 -3.75230571e-02]","[-2.62814407e-04  1.26520145e-03  8.57020565e-03 -2.34727966e-02
 -6.71241983e-03 -4.51298653e-02 -1.07777863e-01 -3.01951737e-01
 -3.92721128e-03  3.80156357e-04 -3.59323438e-02]","[1.36254192 1.39440278 1.89868124 1.9505816  1.91119415 2.11084975
 2.2867228  1.84388136 1.8387864  1.39672535 1.89407947]","[ 0.          0.00210221  0.01673019 -0.02505596 -0.01318034 -0.0570169
 -0.10100493 -0.3115589   0.00112954 -0.00180738 -0.02528901]","[-6.52292938e-05  6.63405320e-04  4.77952546e-03 -1.50135591e-02
 -3.35976720e-03 -2.21800276e-02 -5.56111815e-02 -1.35252462e-01
 -1.45868043e-03  4.10805551e-04 -2.16169435e-02]",2048,1455,256,1549,0.0007321044891910873,0.0006006480545460717,0.006916656838187145,0.05359569414822452,1.0,1.0,0.0,1.8080406191715497,2.2867227969042876,BUDGET_EXHAUSTED,False,58.186835367372844,0.0,False,False,False,45,1
"[-0.00028515 -0.00237839  0.00833743 -0.01915727  0.01054447 -0.18353247
 -0.17111579 -0.06776113  0.0060706   0.00157372  0.01148481]","[-0.0002008  -0.0030278   0.00759894 -0.01828041  0.00836948 -0.17938722
 -0.1691972  -0.06850159  0.00619956  0.00128707  0.00892079]","[1.51413853 1.35553743 1.50567833 1.16783827 1.35134265 1.56133436
 1.52447728 1.17475585 1.12311727 1.86367326 1.97048809]","[-0.00230531 -0.00343358  0.00838045 -0.01770002  0.01050693 -0.18503403
 -0.16996727 -0.0676899   0.00625157  0.          0.014772  ]","[-0.00016661 -0.00074197  0.0044729  -0.00838899  0.00522081 -0.07707098
 -0.07717512 -0.0230484   0.00354104  0.00081544  0.00650268]",2048,1415,256,1620,0.0017724942958709231,0.0013007306985819758,0.0014837036535647605,0.04507755680235004,1.0,1.0,0.0,1.4647619382936528,1.970488089484622,BUDGET_EXHAUSTED,False,60.5081100878226,0.0,False,False,False,46,0
"[ 9.10420575e-04  2.75598122e-04  1.79434410e-03 -2.59015807e-03
  4.00345495e-02  2.30703989e-02  2.16654149e-02  2.95182687e-01
 -3.04098580e-03  1.39161890e-04  4.41974948e-02]","[ 0.00141767  0.00031648  0.00110347 -0.00202238  0.03909832  0.02194176
  0.02121454  0.29636302 -0.00285876  0.00051841  0.04454638]","[1.70683253 1.90799241 1.22252952 1.6754063  2.06626365 1.2451847
 1.88455818 1.57498341 1.62765945 1.45470426 1.26392708]","[-3.03202122e-03 -2.70159344e-03  3.96627320e-05  8.37261716e-03
  4.14679407e-02  1.67116059e-02  2.16955089e-02  2.91482602e-01
  0.00000000e+00  1.70847593e-03  4.58941269e-02]","[ 5.22039052e-04  1.71052813e-04  4.06352672e-04 -2.01814395e-03
  2.54185017e-02  1.26036410e-02  1.34603048e-02  1.57242796e-01
 -2.08190028e-03  1.15651144e-04  2.90477620e-02]",2048,1379,256,1618,0.0006811907112343511,0.0005830200921378031,0.004456222994531104,0.04226622276589173,1.0,1.0,0.0,1.602731044315044,2.066263652005513,BUDGET_EXHAUSTED,False,59.16441642790712,0.0,False,False,False,47,1
"[-1.33814470e-04 -8.33589349e-04  7.69215650e-04 -1.09966636e-02
 -8.20819062e-03 -9.98051991e-03 -2.79679635e-02 -2.90206346e-01
 -2.30175278e-03  4.92690861e-04 -2.56556343e-02]","[ 4.97373461e-04 -1.73576349e-04  1.50006225e-03 -1.32784624e-02
 -8.76825401e-03 -9.36644518e-03 -2.97790707e-02 -2.88448074e-01
 -1.36631496e-03  9.50796054e-04 -2.67906023e-02]","[1.52461725 1.65248765 1.53839057 1.51266185 1.68095393 1.66769441
 1.26206344 1.65435246 2.10204741 1.21764377 1.55604778]","[ 0.         -0.0016343  -0.00214946 -0.00889067 -0.01332163 -0.0130823
 -0.02112534 -0.28969977 -0.00429801  0.005721   -0.02654209]","[-1.13104226e-04 -6.79026171e-04  5.96649644e-04 -8.01969901e-03
 -5.26976689e-03 -5.76806601e-03 -1.64203329e-02 -1.58377714e-01
 -1.91903254e-03  3.52041448e-04 -1.54573991e-02]",2048,1395,256,1619,0.0012064298486580405,0.0010523522347338536,0.003418736939622494,0.040058595312985695,1.0,1.0,0.0,1.5789964122946485,2.1020474145267607,BUDGET_EXHAUSTED,False,58.41804299501416,0.0,False,False,False,48,0
"[ 1.23518089e-05 -1.66003793e-05  1.56019873e-04  1.39704043e-02
  9.83493471e-04  2.04734002e-02  2.77649932e-02  2.11231233e-01
  1.17017730e-02 -6.03658096e-05  1.06832954e-02]","[-3.85880960e-05 -9.24560218e-05 -7.25022054e-04  1.40990756e-02
 -6.93344983e-04  2.01657501e-02  2.84145320e-02  2.12649791e-01
  1.34666299e-02 -1.42123135e-03  1.10748618e-02]","[0.97374345 0.99182587 1.31482811 1.32343718 1.74393297 1.53953735
 1.34345462 0.99869517 1.25952739 1.25748902 1.36594331]","[ 0.00146867  0.00206038  0.          0.01248213 -0.00168926  0.01843882
  0.02712045  0.21082052  0.01472337  0.00113115  0.01034379]","[ 1.53512680e-05 -5.76792539e-05  1.89938779e-04  8.97830035e-03
  5.86394207e-04  1.33201397e-02  1.85747849e-02  1.10329032e-01
  7.62247290e-03 -1.13066837e-04  8.21402546e-03]",2048,1399,256,1636,0.0010118292551206873,0.0007914893770506693,0.0016843210313700332,0.030696025291872164,1.0,1.0,0.0,1.282946767351597,1.7439329670054662,BUDGET_EXHAUSTED,False,59.24574037067404,0.0,False,False,False,49,1
