phi_exact,phi_gas,W_gas,kernel_phi,mc_phi,exact_evals,gas_evals,kernel_evals,mc_evals,rmse_gas,mae_gas,rmse_kernel,rmse_mc,sim_cov,mar_cov,sign_cert,mean_width,max_width,status,converged,instance,cluster
"[-2.59806979e-02 -2.92635038e-02 -2.55767897e-02 -1.91646521e-02
 -3.37890349e-02  5.59176955e-04 -5.68668030e-03  2.93671037e-04
 -7.59732709e-04  5.55867964e-09 -1.17285747e-03]","[-2.57188952e-02 -2.97660597e-02 -2.75571246e-02 -2.03712897e-02
 -3.22369366e-02  1.07083267e-03 -5.83891206e-03  6.62188374e-04
  7.16033934e-04 -5.86127398e-06 -1.49507122e-03]","[ 6.77763677 11.34595248  8.96451179  9.29913673  6.71330482  8.34319838
  8.68698794 11.91863238  8.94236974  6.77156573  8.72959482]","[-0.02673889 -0.02747874 -0.02480271 -0.0190325  -0.03707294  0.00273088
 -0.00676222 -0.00067312  0.          0.00058586 -0.00129673]","[-1.69387212e-02 -2.20845638e-02 -1.56101916e-02 -1.32766185e-02
 -2.16655510e-02  5.65254901e-04 -3.31730641e-03  2.06689918e-04
 -1.29709224e-03  2.02216758e-09 -8.04876243e-04]",2048,1499,256,1662,0.0009913410097392391,0.000758152849237938,0.0014429900999795334,0.006181505425001897,1.0,1.0,0.0,8.77208105280409,11.918632380585203,BUDGET_EXHAUSTED,False,0,0
"[-0.00884871 -0.00389753 -0.00271488 -0.05655262 -0.0070776  -0.15069075
 -0.00941357 -0.0214819   0.0151081  -0.00028766 -0.03661238]","[-0.00903046 -0.00434429 -0.00341413 -0.05695192 -0.00787499 -0.14809401
 -0.01193029 -0.02163085  0.01463319 -0.00122629 -0.03260544]","[ 9.63718562  9.91609058  7.21385416 11.87719842 11.61286494  7.42575446
 12.06537721  9.16370643  7.21695841  9.76511033  8.77849574]","[-0.00751013 -0.00355945 -0.00762663 -0.05699606  0.         -0.15452262
 -0.01200008 -0.01151439  0.01441375 -0.00570487 -0.03744902]","[-0.00586145 -0.00187956 -0.00210687 -0.03625481 -0.00430874 -0.08897141
 -0.00464615 -0.01104425  0.01057388 -0.00013107 -0.02399126]",2048,1495,256,1602,0.0016996827224727696,0.0012006692685772626,0.004548457483438407,0.02034667772194612,1.0,1.0,0.0,9.515690572618528,12.065377213839168,BUDGET_EXHAUSTED,False,1,1
"[ 3.44261844e-02  3.13835185e-02  2.04368505e-02  5.45895262e-02
  4.69912095e-02  1.72760586e-01 -5.38401405e-02  6.40503404e-02
 -1.90177974e-01  4.45515456e-05 -3.18855996e-01]","[ 0.03374609  0.03104448  0.01908226  0.05336302  0.04527988  0.17619972
 -0.05740397  0.06290847 -0.19103447  0.00118781 -0.31256464]","[ 9.75710259 11.33041367  7.26235348  9.87387945 10.33640463  9.06856927
  7.27986115  9.73662357  7.20060754 11.7131188   9.73283361]","[ 0.04460405  0.03049399  0.02331218  0.06687981  0.03337317  0.16462037
 -0.05284996  0.07902786 -0.20291944  0.         -0.32473336]","[ 2.18433773e-02  1.84691826e-02  1.32888814e-02  3.40006466e-02
  2.86473973e-02  9.60633800e-02  4.25339320e-04  3.82742996e-02
 -6.41446647e-02  5.35005565e-05 -1.17468701e-01]",2048,1350,256,1648,0.002598942769801749,0.0019770452088781728,0.009232401546272594,0.07808471151410551,1.0,1.0,0.0,9.390160704666759,11.713118800053412,BUDGET_EXHAUSTED,False,2,2
"[ 1.55724141e-02  1.46316427e-02  1.53125589e-02 -2.08355476e-02
  1.01204454e-02  1.03240182e-02 -2.03335619e-02 -2.76157757e-02
 -2.60075111e-01  1.35226379e-07 -5.00929175e-02]","[ 0.01559831  0.01459072  0.01436717 -0.01930121  0.00954918  0.01223196
 -0.02016362 -0.02940336 -0.25953502 -0.00036678 -0.05055905]","[11.01445949 11.65028933  6.69993666  8.70588701  6.78818505 10.90049806
  6.7656623   7.00164694  6.89652757 11.04581058  8.99981387]","[ 0.01452417  0.01153131  0.01232808 -0.02660863  0.01359725  0.01257469
 -0.01722504 -0.03682363 -0.2536166   0.         -0.04327331]","[ 1.02604190e-02  8.40993238e-03  1.15556569e-02 -1.38046110e-02
  7.57529309e-03  5.51849848e-03 -1.38289927e-02 -1.75492760e-02
 -1.33948791e-01  5.77395051e-08 -2.99527502e-02]",2048,1394,256,1683,0.001003848948909121,0.0007596743940286029,0.004793624381917567,0.03886709874675125,1.0,1.0,0.0,8.769883350986209,11.650289325255045,BUDGET_EXHAUSTED,False,3,3
"[-2.28481618e-02 -2.75548756e-02 -2.52710796e-02 -1.14798456e-02
 -4.16794867e-02 -1.32355113e-02 -2.05052677e-02 -8.01861529e-03
 -1.18767156e-02  1.58022353e-05 -3.63522692e-03]","[-0.02219361 -0.02823734 -0.02459226 -0.01181445 -0.03973769 -0.01309874
 -0.02095378 -0.00847674 -0.01284817 -0.00045131 -0.0036849 ]","[ 6.92627185  9.2786941  11.05099925 11.80270829  6.98235771  9.43624111
  7.13442717  8.89288157  6.88559986  9.32552773 10.63949355]","[-0.02053782 -0.02388743 -0.02949486 -0.01646661 -0.03962137 -0.01640144
 -0.01806373 -0.01550717 -0.00624953  0.00014098  0.        ]","[-1.52715734e-02 -1.87410684e-02 -1.71019254e-02 -6.50436284e-03
 -2.59564056e-02 -9.87815540e-03 -1.47468720e-02 -6.11979085e-03
 -9.35441689e-03  1.00769543e-05 -1.64023209e-03]",2048,1473,256,1632,0.0007880718410564451,0.0006203512097987802,0.00407531581850631,0.006955522316509217,1.0,1.0,0.0,8.941382016663228,11.802708286440371,BUDGET_EXHAUSTED,False,4,0
"[ 0.02657495  0.02343298  0.0065784   0.22045841  0.05238903 -0.01701958
  0.23288681  0.22041749  0.03908643 -0.00574523 -0.02136971]","[ 0.02831677  0.02474743  0.00829707  0.21781406  0.05094604 -0.02299168
  0.23330399  0.21853953  0.04242843 -0.00201591 -0.02169575]","[11.60347095 11.79468418  9.29833727 12.30896522  9.58276732 12.63491835
  9.58923506 15.11918339 16.25007223 12.98804789 12.95730862]","[ 0.01700043  0.00421827 -0.00907427  0.22506472  0.04186751  0.
  0.23617055  0.22711064  0.04432412  0.00930653 -0.01829853]","[ 0.00803407  0.00633527  0.00272075  0.06097959  0.01020296 -0.04196175
  0.08154311  0.08093942  0.03516916 -0.00299957 -0.01434975]",2048,1367,256,1674,0.002719296140284567,0.00222971822743519,0.01146723128218613,0.08029347281566229,1.0,1.0,0.0,12.193362769984601,16.25007222945772,BUDGET_EXHAUSTED,False,5,1
"[0.02700306 0.0233477  0.00933484 0.07261124 0.02398587 0.24474866
 0.0468243  0.04818442 0.11969608 0.         0.08168837]","[ 0.02725759  0.02247757  0.00933304  0.07455373  0.02225012  0.24378005
  0.04847161  0.04890482  0.11748744 -0.00091103  0.08381961]","[ 9.67564519  8.74152653  7.15887287  9.56987617 11.5145099   9.85665857
 11.4148831   8.56276771  6.94538723  8.82493248  9.88676438]","[0.02939181 0.02920319 0.01669423 0.06670358 0.0250794  0.23524975
 0.03992801 0.04676167 0.12451604 0.         0.08389685]","[0.01755373 0.01473603 0.00590476 0.04412352 0.01081559 0.13631065
 0.02808101 0.03034135 0.06878791 0.         0.05745891]",2048,1445,256,1640,0.001415150357564807,0.001217450987750683,0.005206388026918207,0.03904242535699074,1.0,1.0,0.0,9.28652946563433,11.514509898224965,BUDGET_EXHAUSTED,False,6,2
"[-5.62695916e-02 -5.69048015e-02 -6.68507462e-02 -4.00470847e-02
 -5.46683139e-02 -9.65927358e-05  1.27907728e-02 -2.28330082e-02
  2.38790692e-02  1.48969477e-05 -5.22309621e-02]","[-0.05553445 -0.05573471 -0.06798476 -0.0386842  -0.05787069 -0.0011661
  0.01293788 -0.02161078  0.02336728 -0.00074765 -0.05018817]","[ 8.35681596  7.82100526 13.24712014  8.14711247 10.59124471  9.95820755
 11.07559804 12.41055219 10.68437795 11.03038289  9.73834079]","[-0.05012262 -0.058337   -0.06815258 -0.03513414 -0.04371322 -0.00997458
  0.         -0.0182107   0.02894172 -0.009678   -0.04883525]","[-3.71414376e-02 -3.93788520e-02 -4.66148141e-02 -2.68843033e-02
 -3.41578462e-02  1.40678759e-03  1.12073835e-02 -1.56207077e-02
  1.54299417e-02  7.72939277e-06 -3.49322652e-02]",2048,1533,256,1619,0.0014454918402446555,0.0012145872443634065,0.00738142760366023,0.013829788349839943,1.0,1.0,0.0,10.278250723156187,13.24712014172053,BUDGET_EXHAUSTED,False,7,3
"[-7.78359014e-02 -8.54775459e-03  7.96053808e-02 -3.42298617e-02
 -1.98109065e-02  4.00872972e-02  7.00635621e-02 -2.62146896e-02
  2.64008630e-03  7.64765460e-05 -1.10420306e-02]","[-0.07924953 -0.00736625  0.08222763 -0.03281993 -0.01986064  0.04094931
  0.06744003 -0.02737828  0.00159376  0.0001404  -0.01088481]","[12.90159135 10.88836974 11.62050433  8.77779361 11.56042793 10.6569707
  8.97865306 11.83198975 12.68040565 14.21877167 12.05782606]","[-0.07991205 -0.00755182  0.07314001 -0.04138474 -0.01394225  0.03723943
  0.0653032  -0.01884633  0.00845647  0.         -0.00771026]","[-3.63526459e-02 -6.18062541e-03  3.58670521e-02 -1.14687507e-02
 -9.10725612e-03  7.93027365e-03  2.92620353e-02  1.64419554e-03
  1.01685624e-02  2.57300542e-05 -3.78113123e-04]",2048,1364,256,1664,0.0014258770150590576,0.001144876510192491,0.004887253454259475,0.026828575982373638,1.0,1.0,0.0,11.47030034871685,14.218771668341603,BUDGET_EXHAUSTED,False,8,0
"[ 2.36264242e-03  1.09003027e-03  1.21020506e-03 -2.56058208e-02
  7.04485308e-04 -1.38165730e-01 -2.86504032e-02 -3.04204530e-02
 -4.89743355e-03 -2.48089996e-05 -1.20280818e-02]","[ 0.00329789  0.00117661  0.00112154 -0.02611619  0.00031606 -0.1391246
 -0.0299891  -0.02794865 -0.00567112 -0.00027966 -0.01120816]","[11.4541155   6.99554059 11.62414608  9.33267211  9.55507522  8.89523192
  7.0617618   9.08717037 11.22112687  6.90420485  7.01973504]","[ 0.00144075  0.00135123 -0.00098166 -0.02287636  0.00126155 -0.13629536
 -0.03110655 -0.03320974 -0.00499019  0.         -0.00901904]","[ 1.72521734e-03  8.13445348e-04  7.12954335e-04 -1.53638059e-02
  4.96614492e-04 -8.65090317e-02 -1.96355525e-02 -2.12749867e-02
 -1.37276623e-03 -1.94957612e-05 -9.06629534e-03]",2048,1525,256,1643,0.0010206304786643603,0.0007842832425873747,0.0019035208565006613,0.016404514851145933,1.0,1.0,0.0,9.013707304803704,11.62414607945796,BUDGET_EXHAUSTED,False,9,1
"[-0.00149072  0.0011286   0.00668606 -0.01719363  0.00166315 -0.46321702
 -0.01033213  0.02597959  0.07889797  0.00129152  0.02002272]","[-1.25186446e-03 -9.73133813e-05  5.23297194e-03 -1.76472714e-02
  6.00944586e-04 -4.58504154e-01 -1.03981123e-02  2.69807882e-02
  7.86596247e-02  4.82748637e-04  1.93777491e-02]","[ 7.3305691  11.68981552 11.38739126  9.81067726  9.71410447  9.79474707
  7.29642804 10.05383373  9.19577217  7.3831573   9.77266495]","[ 0.00092645  0.          0.00526545 -0.01725526  0.00247767 -0.46949851
 -0.00225104  0.02118283  0.0732871   0.00639573  0.02290571]","[-1.01788450e-04  7.69068811e-04  4.92199939e-03 -9.53004459e-03
  3.04127617e-03 -2.15203239e-01 -5.38107365e-03  1.92209611e-02
  4.51538103e-02  3.01536101e-04  1.24335610e-02]",2048,1446,256,1621,0.001633463915516663,0.0010823498246538216,0.0043002976017595725,0.07558503501613682,1.0,1.0,0.0,9.402650986356157,11.689815516362195,BUDGET_EXHAUSTED,False,10,2
"[ 6.39515816e-02  8.56965205e-02  1.96301374e-02 -9.38662965e-04
  4.06115877e-02  2.03131434e-02  2.40445297e-01  5.27326066e-02
  2.86739515e-01  8.19329816e-05 -6.00723730e-02]","[ 0.06426742  0.08698208  0.01982828 -0.00319271  0.04559125  0.01630436
  0.24399706  0.05047596  0.28802694 -0.00209017 -0.06099918]","[ 9.75299291  9.65962375  9.57634497 11.74824473  7.24157177 10.09127566
  9.9477879   7.2428278   8.65519601  9.8447131  11.16254296]","[ 0.05875145  0.08650767  0.02097493  0.00930346  0.04726508  0.01008983
  0.23373943  0.06292215  0.28472224  0.         -0.06508495]","[ 3.49861709e-02  4.11494427e-02  1.00607775e-02 -1.10529125e-03
  2.18099830e-02  1.29662361e-02  9.11894123e-02  2.93036894e-02
  1.20293119e-01  5.62878316e-05 -3.23788827e-02]",2048,1430,256,1655,0.002570491050885945,0.0021124332755459814,0.006475066424503055,0.07046603384982363,1.0,1.0,0.0,9.538465597184294,11.748244731675264,BUDGET_EXHAUSTED,False,11,3
"[-4.03086893e-02 -3.67467201e-02 -1.74752634e-02 -2.38553490e-02
 -5.35942486e-02 -6.40881382e-03 -2.54388921e-02 -5.46657205e-03
 -4.11963806e-03 -6.44534326e-08 -5.07126834e-03]","[-0.04151452 -0.03670151 -0.01800619 -0.02307885 -0.05363064 -0.00644443
 -0.0250105  -0.00547835 -0.00325413 -0.00023584 -0.00513056]","[ 6.74353284 10.8711945  10.98107493  9.01209311  6.79191452  6.9472027
  8.39211574  9.27851393  8.48332307  8.97208834  9.18540741]","[-0.03717227 -0.04049453 -0.01837258 -0.0212971  -0.0449101  -0.00658193
 -0.0215129   0.         -0.01471602 -0.00536877 -0.00805931]","[-3.05618663e-02 -2.58841419e-02 -1.21828136e-02 -1.44972440e-02
 -3.39009037e-02 -4.33175794e-03 -1.53903919e-02 -2.92380880e-03
 -2.01052299e-03 -1.03936480e-07 -2.68196723e-03]",2048,1440,256,1735,0.0005506505840850972,0.0003846565366512525,0.005239785537900026,0.008729872640863693,1.0,1.0,0.0,8.69622373425986,10.981074931329761,BUDGET_EXHAUSTED,False,12,0
"[ 5.46039907e-03  1.39077101e-02  4.88111221e-03 -1.68127666e-02
  2.09362405e-02  5.14100210e-01  1.14117013e-01  5.20057391e-02
  3.10740222e-02  3.83848233e-06 -7.91312317e-03]","[ 0.0060112   0.01308799  0.00568261 -0.01865016  0.0215143   0.5184733
  0.10949895  0.05363206  0.03233624  0.00190844 -0.01173454]","[ 8.8080069   8.60445007  6.68143357 10.61626014 11.52589659  6.82870394
  8.81416433  9.13079386  6.65911225  8.9590039   8.55568609]","[-1.57990313e-03  1.07800111e-02  2.51907350e-03  0.00000000e+00
  2.41167032e-02  5.15794598e-01  1.01216304e-01  4.48757237e-02
  3.95001755e-02  4.04293488e-04 -5.86658453e-03]","[ 3.84800866e-03  6.74921831e-03  2.96076156e-03 -1.53093584e-02
  9.41055459e-03  2.52913490e-01  7.32079135e-02  2.79162173e-02
  2.04225518e-02  3.58629360e-06 -2.00778763e-03]",2048,1472,256,1696,0.002490840337733345,0.002017561595404781,0.007705943142111021,0.08023449839188176,1.0,1.0,0.0,8.653046511685949,11.525896594523157,BUDGET_EXHAUSTED,False,13,1
"[ 1.13223007e-02  3.06474059e-03  1.22910691e-02 -1.93114554e-02
  6.08231825e-03 -3.37198724e-01  4.82317214e-04  4.48064833e-02
  1.05439652e-01  1.10066833e-04  1.32918390e-02]","[ 0.01280628  0.00309577  0.01297791 -0.0161911   0.00649376 -0.34170604
  0.00083412  0.04160692  0.10134155  0.00162688  0.01749457]","[ 9.32685698  6.91172997  8.40609049 10.62709709  6.83844542  6.91871613
 11.69839293  6.78350712  8.63851426  8.92317752 11.12863112]","[ 0.01114989  0.00453036  0.01089694 -0.02233926  0.         -0.34579515
  0.005527    0.05355908  0.10814864  0.00152274  0.01318036]","[ 7.83412865e-03  2.16421944e-03  1.09386706e-02 -1.28031375e-02
  5.00788099e-03 -1.68934653e-01  4.43403784e-03  2.69742809e-02
  6.57545518e-02  5.30602805e-05  1.09131359e-02]",2048,1492,256,1654,0.002697065373681953,0.002146361549195673,0.004627837787132318,0.0524710220540259,1.0,1.0,0.0,8.74555991155865,11.69839293255855,BUDGET_EXHAUSTED,False,14,2
"[3.21409418e-02 4.56085880e-02 2.22133629e-02 3.07343152e-02
 2.57405031e-02 2.02224588e-02 1.30647125e-01 1.16587380e-01
 2.52990803e-01 1.00929366e-17 4.37301001e-02]","[ 0.0304149   0.04021017  0.02104142  0.02951571  0.02580032  0.01702488
  0.14327907  0.11001052  0.26359256 -0.00212008  0.04184611]","[ 9.43908639 11.8470217   6.86665969  9.28352761  8.25821204 11.74771753
  7.10647741 10.66284692  7.16797173  6.92587338  9.32082798]","[0.02376939 0.04101941 0.0166921  0.0255054  0.04099164 0.02984992
 0.12166696 0.1167517  0.256754   0.         0.04761505]","[2.15617574e-02 2.78581802e-02 1.26189671e-02 1.89762311e-02
 1.50286091e-02 1.14784327e-02 6.04181318e-02 6.61458003e-02
 1.72960619e-01 8.88178420e-19 3.40397596e-02]",2048,1415,256,1625,0.0057876919175279115,0.004235185111660494,0.00728747014456199,0.036709797112328094,1.0,1.0,0.0,8.966020215768118,11.847021695287829,BUDGET_EXHAUSTED,False,15,3
"[-3.10792099e-02 -1.19640739e-02 -4.28634901e-02  1.62609726e-03
 -2.77491643e-02 -7.53394920e-04 -1.83927766e-02 -3.08157891e-03
 -7.58171463e-03  4.82805241e-08  1.00900395e-03]","[-3.12600552e-02 -1.26782411e-02 -4.35398708e-02  1.54978504e-03
 -2.73253920e-02 -7.47415732e-04 -1.78436207e-02 -2.91157401e-03
 -7.94744024e-03  5.88254401e-05  1.81474547e-03]","[12.42640494  9.76400706  9.12158276  7.5274794  10.26426751  7.58326253
 10.20510008  7.47445125  9.89427677 10.2959883  12.25767955]","[-0.03177669 -0.01143099 -0.04078477  0.00274826 -0.02971841  0.
 -0.017962   -0.00882268 -0.00725267  0.00292431  0.00124539]","[-1.74481599e-02 -6.59621693e-03 -2.40302550e-02  1.20856112e-03
 -1.44410683e-02 -4.46198835e-04 -1.10752842e-02 -2.20982582e-03
 -4.61238569e-03  4.05096748e-08  3.56365909e-04]",2048,1319,256,1613,0.0004575206112622555,0.00036607836016272813,0.0021879384398236505,0.008582396267400923,1.0,1.0,0.0,9.710409104336327,12.426404939561055,BUDGET_EXHAUSTED,False,16,0
"[-1.55785340e-03 -1.33388433e-03 -1.98894284e-03 -6.52082169e-02
  8.13226094e-04 -1.35465730e-01 -2.95119549e-02  2.06117927e-02
  1.05137790e-02  8.49752629e-09 -4.64768521e-02]","[-0.00201449 -0.00280097 -0.00291843 -0.06136635 -0.00048096 -0.13564981
 -0.02906376  0.01944866  0.0100759  -0.00052269 -0.04431172]","[ 6.85540017 10.53732211  8.69563536  6.87570583  9.6764599   8.66411785
 11.61914471  9.38874858  9.16373261  6.80757221  9.25572138]","[-0.00548943 -0.00423243  0.00193964 -0.06456121  0.00201162 -0.1343123
 -0.03240544  0.02340096  0.00901343  0.         -0.04496947]","[-1.73679936e-03 -1.33315656e-03 -1.07846822e-03 -4.19488573e-02
  4.91143204e-04 -8.20354213e-02 -1.87042484e-02  1.53802976e-02
  7.09051147e-03  4.25144288e-09 -2.76644152e-02]",2048,1411,256,1632,0.0015491949435902954,0.001173671229304429,0.002396070459262483,0.018845211707836495,1.0,1.0,0.0,8.86723279052784,11.619144709467063,BUDGET_EXHAUSTED,False,17,1
"[-3.09444970e-03 -8.33941248e-03  7.56079460e-03 -4.25483578e-02
  6.40847834e-04 -4.40013405e-02 -1.69535390e-02 -5.88479934e-02
 -1.49020830e-01 -7.08696119e-06 -6.16939964e-02]","[-0.00324638 -0.00915854  0.008128   -0.0436722   0.00021986 -0.04681727
 -0.0142953  -0.06020492 -0.14081077 -0.00040061 -0.06604724]","[ 8.68187948  8.34700619  8.3653742   6.87943433  9.2855522  10.92966937
  9.31082506 10.35020688  9.34644464  9.04844089  6.80248817]","[ 0.          0.00553781 -0.01201948 -0.04910367 -0.00819633 -0.03256778
 -0.00431757 -0.05162934 -0.16620094 -0.00477553 -0.05303253]","[-1.87734151e-03 -4.88757870e-03  5.24269069e-03 -2.27461670e-02
  1.04683077e-03 -2.51609376e-02 -8.04927285e-03 -3.51589330e-02
 -9.27189600e-02 -2.32917699e-06 -3.04386158e-02]",2048,1460,256,1532,0.0031013716359633322,0.0020791824990730474,0.011449598150518698,0.02246872451957441,1.0,1.0,0.0,8.849756490304408,10.929669370913718,BUDGET_EXHAUSTED,False,18,2
"[ 0.03262975  0.05002473  0.01951737  0.03417406  0.02179862 -0.00708279
  0.16219961  0.08681774  0.26615599  0.          0.03750158]","[ 0.03365341  0.04889938  0.01950285  0.03827174  0.02121505 -0.00678154
  0.15871812  0.08650011  0.26319611  0.00097029  0.03959112]","[ 8.98475168 10.15184698 10.06866713  9.64023095  7.43007373 12.11098276
  9.80760975  7.25750211  9.04077934  9.85131435 10.09627727]","[ 0.02181448  0.05004392  0.02930175  0.03749747  0.02628604 -0.01195733
  0.15686778  0.07759548  0.28369872  0.          0.03258833]","[ 0.01894469  0.03150489  0.01211468  0.02104458  0.01193274 -0.00475487
  0.07888279  0.04779276  0.12223398  0.          0.01758104]",2048,1500,256,1539,0.0020410999524172954,0.0015422605449241851,0.008051051928786244,0.05260074193045969,1.0,1.0,0.0,9.49454873194213,12.110982761745463,BUDGET_EXHAUSTED,False,19,3
"[-4.95663974e-02 -6.30120057e-02 -1.91096695e-02 -3.53066215e-02
 -4.50706191e-02 -1.35827814e-03  7.03756414e-03  4.41211399e-04
  4.02525171e-03 -1.50396475e-25 -8.83116679e-03]","[-5.01328491e-02 -6.46618927e-02 -1.84041594e-02 -3.49967946e-02
 -4.41138667e-02 -1.18947306e-03  6.69959263e-03  1.15777040e-04
  4.05552404e-03  3.61918775e-05 -8.15878091e-03]","[ 6.75025793  6.66090519  6.60664074  8.66186315  8.98643914  8.70280079
 10.47768736  8.50607544 10.71608297  6.6719344  11.24802673]","[-0.04292177 -0.07023688 -0.01475933 -0.03193474 -0.04597803 -0.00062659
  0.00462306 -0.00773214  0.00168699  0.         -0.00287129]","[-3.23497385e-02 -3.50702130e-02 -1.12310224e-02 -2.10777651e-02
 -2.63334236e-02 -6.16709998e-04  5.15141282e-03  4.67255699e-04
  2.32436393e-03 -1.98523347e-26 -5.52802025e-03]",2048,1462,256,1649,0.0006911823465033068,0.0005235899192687452,0.004686777951289862,0.012470638315041813,1.0,1.0,0.0,8.544428530204955,11.248026728026659,BUDGET_EXHAUSTED,False,20,0
"[-9.31297640e-03 -4.49149647e-04  4.74575957e-03 -2.21362431e-02
  6.23709008e-03  5.39434289e-01  9.43752224e-02  5.48050885e-02
  3.19049045e-02 -1.96949328e-05 -2.44400958e-02]","[-0.01023494 -0.00128058  0.00488444 -0.02168424  0.0073915   0.53884638
  0.09321135  0.0580834   0.03315873 -0.00054792 -0.02668391]","[ 6.77954271  9.41405057  6.88138173  6.76446997  8.32947449 10.72052163
  6.80065243  9.13045661 11.08999096 11.7759895   9.31781689]","[-0.01284745  0.00505624  0.         -0.02125114  0.00240906  0.53901204
  0.09137064  0.0572296   0.03828533  0.00195769 -0.02607783]","[-6.30896644e-03  5.26831406e-04  2.01434799e-03 -1.70157070e-02
  2.49455667e-03  2.43314814e-01  5.97814409e-02  3.18887004e-02
  2.28128011e-02 -1.57119781e-05 -1.57488193e-02]",2048,1467,256,1677,0.0014279953127694623,0.0011413134468235447,0.0036074100452114857,0.09026451138392017,1.0,1.0,0.0,8.818577043984773,11.775989496703005,BUDGET_EXHAUSTED,False,21,1
"[3.10389025e-02 3.19931917e-02 2.49871440e-02 6.58199045e-02
 3.57510621e-02 1.40200591e-01 5.52875524e-02 4.70606477e-02
 1.24854373e-01 9.01857940e-07 2.90062645e-02]","[ 0.0303302   0.03096995  0.02501644  0.0656187   0.03543902  0.14002745
  0.0552099   0.04760018  0.1270731  -0.00076834  0.02948393]","[ 9.78997987  7.30547342  9.84613744 11.31406169  7.27772975  9.81225425
  9.75970592  9.97477053  9.55420189  9.61589343  8.84856113]","[0.03318776 0.03301126 0.0270333  0.0661244  0.03541278 0.14046957
 0.04904288 0.04873789 0.1266129  0.         0.0263678 ]","[1.68883349e-02 1.86679073e-02 1.24747960e-02 3.94720283e-02
 2.17367263e-02 7.72887983e-02 3.24422179e-02 3.13686667e-02
 7.36624429e-02 6.25551938e-07 1.64620400e-02]",2048,1432,256,1691,0.0008397921661930283,0.0005936779734843281,0.0023737833967714356,0.02849080443767425,1.0,1.0,0.0,9.372615392607072,11.31406168895812,BUDGET_EXHAUSTED,False,22,2
"[5.21113857e-02 7.96051134e-02 1.51351422e-02 4.99522653e-02
 4.04485821e-02 2.44455995e-02 1.32191021e-01 1.23560397e-01
 2.26866310e-01 1.92549641e-05 2.07431092e-02]","[ 0.04998378  0.07940573  0.01565956  0.0461067   0.04029226  0.02448377
  0.13343213  0.12127373  0.2365317  -0.00052729  0.01843611]","[ 7.02030222  9.26198376  8.54235923  8.64172133 11.12331132 11.64985573
  8.581257    6.99592405  7.05229127  9.71142412 11.21632355]","[0.05358467 0.07770172 0.         0.03809808 0.0135234  0.01803067
 0.12882478 0.11177307 0.24310213 0.03980166 0.040638  ]","[3.41459888e-02 4.86994663e-02 7.88835412e-03 2.99540790e-02
 2.49987162e-02 8.70433026e-03 8.99560029e-02 7.29380667e-02
 1.46845535e-01 5.79874914e-06 1.39042910e-02]",2048,1426,256,1654,0.0033772719511899283,0.0020852893587033944,0.01792363908436511,0.03439523609301061,1.0,1.0,0.0,9.072432142364791,11.649855727767854,BUDGET_EXHAUSTED,False,23,3
"[-5.14540578e-02 -7.30735087e-03 -2.40771413e-02  8.81377998e-03
 -5.14597077e-02  4.08765781e-04  2.20497620e-03 -1.42190463e-03
  7.25979204e-03 -7.68175005e-06  5.68643870e-04]","[-5.10672536e-02 -7.67797904e-03 -2.44473246e-02  7.91648862e-03
 -5.00525008e-02  3.29516379e-05  1.93970142e-03 -7.70549233e-04
  7.17042805e-03 -3.13519153e-04  7.97670440e-04]","[ 8.50045032  7.16059938 12.07644582  7.32641569  9.26386857 12.14450209
  9.62255414  6.96614179  9.35665313 10.7479085   9.06967862]","[-0.05151787 -0.00883547 -0.02380717  0.00890835 -0.05096787  0.
  0.00116616 -0.00243846  0.00773691  0.00116479  0.00211875]","[-2.56192662e-02 -3.16072608e-03 -1.20934335e-02  7.00964360e-03
 -2.45015680e-02  3.07709144e-04  1.37164049e-03 -8.78265495e-04
  4.34454433e-03 -8.16040765e-07  3.73720791e-04]",2048,1389,256,1563,0.0006029644999821185,0.0004862532992062213,0.0009019029310224668,0.011938377101252652,1.0,1.0,0.0,9.294110732898242,12.144502087208604,BUDGET_EXHAUSTED,False,24,0
"[ 4.33288904e-03  2.22853704e-02 -6.75615035e-03 -1.32353858e-02
  1.63930965e-02 -6.80634708e-02 -9.54335044e-02 -5.34859901e-03
 -1.02070253e-01  3.47332318e-06  1.44138518e-01]","[ 0.0047714   0.02313995 -0.00595837 -0.01527346  0.01629949 -0.0705458
 -0.09055693 -0.00431385 -0.10369981  0.00071787  0.14166548]","[ 9.40657822 13.3878299  13.34419566 12.20158781 10.17906983 16.63306421
 14.5496394   9.62115679 12.17884561 12.46674818 13.04263895]","[ 0.01516829  0.01547645 -0.00523461 -0.01107809  0.01595047 -0.0733773
 -0.07806832 -0.00943378 -0.10956366  0.          0.13640655]","[ 3.42286063e-03  6.39514308e-03 -6.89990361e-04 -1.55531982e-03
  6.64683822e-03 -2.71977209e-02 -3.00027130e-02  1.24514876e-03
 -3.31906860e-02  2.18621263e-06  7.95635879e-02]",2048,1335,256,1639,0.0020453265809002082,0.0015848363064819267,0.007587920000490276,0.03745364527994753,1.0,1.0,0.0,12.455577687390877,16.633064209007745,BUDGET_EXHAUSTED,False,25,1
"[ 5.69890630e-03  1.00676061e-02 -1.01788736e-01  2.96353407e-02
 -5.86567997e-02  4.56680244e-02 -6.46655110e-02 -4.89043629e-02
 -9.90010583e-02  6.01585900e-25  1.71893857e-02]","[ 0.00728354  0.0109422  -0.10129468  0.03133288 -0.06179459  0.04848221
 -0.06579191 -0.05178775 -0.10209394  0.0007418   0.01922303]","[ 8.97829688  9.19647276  6.69240277  9.30999248 10.4709377  11.10105635
  7.01926476  9.09175015  6.82657081  8.23824191  9.19012158]","[ 0.01957721  0.00559125 -0.10286224  0.03583313 -0.05690009  0.04008922
 -0.07088957 -0.04172206 -0.10592884  0.          0.01245478]","[ 3.90386330e-03  5.72911521e-03 -7.38170627e-02  1.86918093e-02
 -3.74856429e-02  2.73662849e-02 -4.70178249e-02 -3.17762157e-02
 -6.59639737e-02  1.32348898e-25  1.27365342e-02]",2048,1507,256,1589,0.002088966464909815,0.0018618994380459177,0.0063757644193138925,0.017641590045534918,1.0,1.0,0.0,8.737737104748987,11.101056354328858,BUDGET_EXHAUSTED,False,26,2
"[-6.31332187e-02 -8.83123104e-02 -1.22011545e-03 -7.50838627e-02
 -6.23091077e-02  1.67697902e-03  8.99835345e-03 -2.60506854e-02
 -1.00456492e-02 -3.70917289e-05 -4.40755733e-02]","[-6.51374970e-02 -9.20436017e-02  5.32733474e-05 -7.23886644e-02
 -6.37185569e-02  1.96865829e-03  1.09467865e-02 -2.43354316e-02
 -8.50828830e-03  5.89772656e-04 -4.70187329e-02]","[ 9.22806185  9.30185972 10.28606549 11.56277122  6.98350552  7.01593822
  9.2954227  11.18373154  9.4099294   6.91650586  6.89989815]","[-0.07066043 -0.09891392  0.00762725 -0.05906994 -0.0659152   0.
  0.00843761 -0.0252572  -0.0131196   0.014099   -0.05681985]","[-3.59456475e-02 -5.36197596e-02 -1.67954420e-03 -4.19973390e-02
 -3.76390402e-02  1.10303446e-03  4.34219801e-03 -1.33891811e-02
 -6.57925974e-03 -2.40996313e-05 -2.53628417e-02]",2048,1472,256,1571,0.002068245099427441,0.0018342142606148513,0.009006206840662516,0.01951871757863763,1.0,1.0,0.0,8.916699060860893,11.56277122179043,BUDGET_EXHAUSTED,False,27,3
"[-3.25357048e-02 -2.53007553e-02 -2.02299576e-02 -7.89812939e-03
 -4.54302972e-02  2.77867239e-03 -2.32766455e-02 -2.44695024e-03
 -8.36360081e-03  1.82010323e-07 -4.22262154e-04]","[-0.03210646 -0.025754   -0.01963501 -0.00821006 -0.04553768  0.00381428
 -0.02398129 -0.0031927  -0.00766286 -0.00071025 -0.00014941]","[ 8.83543533 11.0150828   8.89558351  6.59164738  6.60998846  7.89116566
 11.37302521  9.23676464  6.6189285  10.40094436  6.76612757]","[-0.0349194  -0.02828832 -0.01880002 -0.00811985 -0.04531029  0.00413053
 -0.01967485 -0.00195805 -0.00772949  0.         -0.0024557 ]","[-2.09479481e-02 -1.59519300e-02 -1.34285548e-02 -5.39518873e-03
 -3.02178055e-02  1.75370578e-03 -1.39366599e-02 -1.28189973e-03
 -5.74174293e-03  1.67612137e-07 -2.53944194e-04]",2048,1361,256,1674,0.0006066175569051367,0.0005515255946189003,0.0018163954892827495,0.007398808494090283,1.0,1.0,0.0,8.566790309449395,11.373025209388608,BUDGET_EXHAUSTED,False,28,0
"[ 0.01169645  0.00992509  0.00827046  0.10392004  0.01072678  0.39609928
  0.08433708  0.02897099  0.06532453 -0.00185872  0.01608198]","[ 0.0119554   0.00918327  0.00888069  0.10454592  0.01104112  0.39514642
  0.08261191  0.02644408  0.06865943 -0.00255995  0.01758567]","[ 6.67589746  9.20867778  9.32798762 11.61140271  9.74505678  6.80216253
  9.07822995  8.85732536  6.69811077  8.82248706  8.68648043]","[0.00155727 0.00621871 0.0066045  0.10972907 0.0170926  0.37718829
 0.09550907 0.03217412 0.06827861 0.         0.01914171]","[ 0.00709613  0.00516859  0.00432064  0.04625512  0.00472824  0.16090913
  0.05900659  0.01833157  0.05206684 -0.00120063  0.00937828]",2048,1478,256,1659,0.0015262586721188007,0.001208726935328245,0.008021710200502961,0.07367680720920272,1.0,1.0,0.0,8.683074403798715,11.611402705147821,BUDGET_EXHAUSTED,False,29,1
"[-0.01200839  0.00334451  0.00878135 -0.10029332 -0.02109719 -0.01074257
 -0.18207581 -0.01469702  0.09489983  0.00042293 -0.09467338]","[-0.01025944  0.00353936  0.00959802 -0.10300569 -0.01960294 -0.0131198
 -0.18417839 -0.01538448  0.09557554  0.00155204 -0.09285326]","[10.91776451 11.60233117 11.62981382  8.41141435 10.97673587  8.46890464
  8.81685794 11.35719615 10.30524698 13.22524737 14.82389833]","[-0.03897185  0.00330015  0.02048772 -0.10285044 -0.01525901 -0.00904714
 -0.18822514 -0.00518998  0.10407533  0.         -0.09645867]","[ 0.0025548   0.00407899  0.00587465 -0.02009174  0.00743819  0.02664455
 -0.04688466  0.00460468  0.05137371  0.00011846 -0.01309385]",2048,1380,256,1537,0.0016220762404831714,0.0014326634245306188,0.0101054485461208,0.05725895653250663,1.0,1.0,0.0,10.957764646595681,14.823898330500171,BUDGET_EXHAUSTED,False,30,2
"[-6.07643292e-02 -7.76172688e-02 -2.61940769e-02 -9.81936918e-02
 -7.19161328e-02  3.81321710e-03  2.78266206e-02  4.28686918e-02
  5.67995314e-02 -1.92620312e-05 -3.21713541e-02]","[-0.06331397 -0.07223894 -0.02337754 -0.09734092 -0.07064597  0.00369273
  0.02279876  0.0377793   0.05884852 -0.00040496 -0.03136505]","[15.74496097 10.90098778 11.3834699   9.36169059  9.25929141 10.31138239
 13.85327021  7.95804644 13.44332005 10.95604317  9.92661856]","[-0.06691614 -0.0869589  -0.03937251 -0.08324907 -0.06855813  0.
  0.03938865  0.04801547  0.05366017 -0.00705637 -0.02452124]","[-3.40035732e-02 -4.42472170e-02 -1.20826792e-02 -5.50933140e-02
 -3.86725699e-02  2.19251175e-03  2.19105040e-02  3.13831023e-02
  4.27487902e-02 -2.32379374e-06 -1.85948209e-02]",2048,1496,256,1650,0.003043525521234744,0.002395105634555997,0.00866555878756011,0.02244771451597965,1.0,1.0,0.0,11.190825587447884,15.744960974901073,BUDGET_EXHAUSTED,False,31,3
"[-2.19758942e-02 -1.52539127e-02 -2.73412892e-02 -1.84782544e-02
 -3.74017031e-02 -1.01701497e-02 -2.09152474e-02 -5.39219883e-03
 -1.39178109e-02 -7.51982375e-26 -4.62222598e-04]","[-0.02127501 -0.01547244 -0.02593839 -0.01963173 -0.03636826 -0.01045202
 -0.02166347 -0.00518016 -0.01486629  0.00051136 -0.00097226]","[ 6.76696494 10.6647307   7.17740194  8.39906637  9.31518551  6.89659283
 11.71984772  6.8207005   8.64772198  9.00915994 11.86426067]","[-0.01840192 -0.01715697 -0.03079871 -0.01432107 -0.03870374 -0.00676701
 -0.02068242 -0.00326987 -0.01729223  0.         -0.00391475]","[-1.47945707e-02 -1.00187731e-02 -1.89659791e-02 -1.46422948e-02
 -2.78297307e-02 -6.97397375e-03 -1.52647841e-02 -5.01740791e-03
 -1.02235520e-02 -6.61744490e-27 -7.06618111e-04]",2048,1441,256,1720,0.0007983572230365008,0.0007019309565137864,0.0028086347019217806,0.005321074539274124,1.0,1.0,0.0,8.843784827623255,11.86426067325041,BUDGET_EXHAUSTED,False,32,0
"[-0.00133171  0.00430757 -0.00049183 -0.09767449 -0.00576704 -0.18821092
 -0.01566927 -0.01671761  0.04054122  0.02398767  0.05198085]","[-8.34455912e-04  4.50370384e-03 -1.73153808e-04 -9.80093119e-02
 -5.72432451e-03 -1.86820604e-01 -1.71026792e-02 -1.86799709e-02
  3.74616232e-02  2.69690457e-02  5.33645762e-02]","[11.26625704  6.72200837  6.82087163  9.3915075   9.21598889  8.63544013
  8.31849815  9.34407164  8.50494655  8.79906768  9.62439394]","[-0.00184651  0.00419415  0.         -0.1006296  -0.00834805 -0.19090312
 -0.01477248 -0.01003871  0.03821926  0.02700006  0.05207945]","[-1.72038537e-04  1.95432857e-03 -8.57136810e-05 -3.35379073e-02
 -3.25297109e-03 -8.71158852e-02 -3.43621174e-03 -5.85424387e-03
  2.58185762e-02  1.40175318e-02  3.58560737e-02]",2048,1436,256,1673,0.0016132107217605438,0.0012382170041550782,0.002747720024616585,0.03716169007365463,1.0,1.0,0.0,8.785731955338631,11.266257036141258,BUDGET_EXHAUSTED,False,33,1
"[ 0.02531755 -0.03903882  0.02390205  0.02604582 -0.02484481  0.11680233
  0.16906713  0.17067595  0.05249407  0.00680608 -0.20106838]","[ 0.02512297 -0.03873337  0.02369062  0.02653251 -0.02196567  0.12026227
  0.17097324  0.16512061  0.05301395  0.00527112 -0.20312931]","[11.03754609  8.43471969 11.62672619 10.96439856 14.14359361 11.34832359
  8.54570642 13.90099442  8.63726436 11.41997044 10.4383241 ]","[ 0.02869465 -0.04158359  0.01317781  0.02530211  0.          0.10978179
  0.17297884  0.17187552  0.05116     0.00939553 -0.21462371]","[ 0.01533204 -0.01054946  0.01038716  0.00714745 -0.00165657  0.05055379
  0.07035948  0.0628762   0.00893679  0.00287416 -0.09627837]",2048,1326,256,1625,0.002374910074831435,0.0017376779341886602,0.009577284426653194,0.0607792923810387,1.0,1.0,0.0,10.954324315932361,14.14359360560374,BUDGET_EXHAUSTED,False,34,2
"[-6.90468039e-03  1.27185398e-02  1.37179836e-03  4.96422335e-03
  6.31625898e-03 -4.24895354e-02 -1.41142532e-01 -6.18199520e-02
 -2.20275958e-01  2.05066335e-05  1.05718717e-02]","[-0.0072561   0.0131478   0.00287305  0.00792752  0.00780104 -0.04448251
 -0.14552626 -0.06452327 -0.2198408   0.0024449   0.01076517]","[ 7.47638731  9.29469186 10.16362513 10.02813383  9.77585615  9.70736365
  7.34730031 11.99113496  9.71200421 11.122244    7.20677323]","[ 0.00596557  0.0088205  -0.00893062  0.          0.00387326 -0.04809611
 -0.13764393 -0.05890961 -0.21975867  0.00397019  0.01403997]","[-3.85735035e-03  7.77268308e-03  7.25790838e-04  3.03168259e-03
  3.15108019e-03 -1.95190224e-02 -8.57210175e-02 -3.69798160e-02
 -1.17202469e-01  1.77495695e-05  6.25944434e-03]",2048,1376,256,1553,0.0021351722421154426,0.001714807079892332,0.006012326900755298,0.036812646571504376,1.0,1.0,0.0,9.438683149007671,11.991134963168449,BUDGET_EXHAUSTED,False,35,3
"[-3.41773316e-02 -2.49922864e-02 -1.97414305e-02 -2.56226189e-02
 -4.72767159e-02 -9.05932305e-03 -3.49197121e-02 -1.21517163e-02
 -8.55304501e-03 -1.95476521e-09 -3.37637638e-03]","[-0.03380878 -0.02543913 -0.02062495 -0.02609195 -0.0455357  -0.00943987
 -0.03403595 -0.01276765 -0.0082685  -0.0001528  -0.00370528]","[ 8.66892363  6.78976446  9.1189483   6.71952576  8.20574641  8.59285635
 10.88127894  6.63320146 11.15638641  9.3564295   9.28035339]","[-0.03669561 -0.02464767 -0.02135916 -0.02318843 -0.04903562 -0.0095001
 -0.03201668 -0.01503398 -0.00773636  0.         -0.00065693]","[-2.18350994e-02 -1.65025269e-02 -1.26501125e-02 -1.64363741e-02
 -3.03186249e-02 -5.70486073e-03 -2.09411157e-02 -7.86042495e-03
 -6.28981626e-03  5.08487242e-11 -1.87665211e-03]",2048,1393,256,1638,0.0007314505161528938,0.0005959770454779544,0.0019791693472156584,0.008939684673765805,1.0,1.0,0.0,8.67303769240567,11.156386411523645,BUDGET_EXHAUSTED,False,36,0
"[ 0.00312583 -0.00180266  0.00159799  0.03395352  0.00368864 -0.12943324
 -0.10164035 -0.07029642 -0.04811454 -0.00042864 -0.00136067]","[ 0.00317296 -0.00140586  0.00185304  0.03649904  0.00486404 -0.12880546
 -0.10357787 -0.06965066 -0.05299428 -0.00022573 -0.00043975]","[ 7.1038869   9.85369886 11.50559896  9.79005265 11.02650132  7.31674793
  7.46292     8.49317504  7.10192773  9.99755397 11.55652973]","[ 0.          0.00155751  0.00653277  0.0339288   0.01377498 -0.13819388
 -0.1108941  -0.06814179 -0.04853811  0.00158373 -0.00232045]","[ 0.0008277  -0.00166205  0.00102472  0.02164037  0.00209767 -0.07940431
 -0.0574513  -0.04201937 -0.02439692 -0.00033122 -0.00133235]",2048,1457,256,1670,0.0018427286568017474,0.0012395016477109947,0.005387879539645787,0.023311074338501016,1.0,1.0,0.0,9.200781189383427,11.556529734575541,BUDGET_EXHAUSTED,False,37,1
"[-2.41632657e-02 -3.36912082e-02  5.60797408e-03  1.36541567e-04
 -6.21900995e-04  1.03252892e-01 -1.80984041e-01 -3.86978228e-02
 -2.96236394e-01 -1.87455550e-05  4.05601004e-02]","[-0.02285246 -0.03136116  0.00237264 -0.00039017 -0.00154493  0.10047959
 -0.17546081 -0.03551314 -0.29682342 -0.00121047  0.03744845]","[10.65820461  8.28400357 12.51355575  9.82335992  7.55750932 10.86001124
 13.57436367 10.0242431   7.80968484 11.31160148  9.5982027 ]","[-0.02223881 -0.03967682  0.          0.01126599  0.000869    0.09323059
 -0.17358268 -0.03937711 -0.29766579  0.00129842  0.04102134]","[-1.41942840e-02 -1.80700983e-02  4.01168323e-03  6.85924877e-04
 -3.75185826e-05  5.96624177e-02 -7.76103791e-02 -1.34153523e-02
 -1.26578948e-01  1.20804493e-06  2.49695535e-02]",2048,1457,256,1616,0.002671920221927939,0.0022452307476377997,0.005694869534235517,0.062230329087778403,1.0,1.0,0.0,10.183158200812453,13.574363670263798,BUDGET_EXHAUSTED,False,38,2
"[-0.0015553   0.03125225  0.01016098  0.05941246  0.00181394  0.03104335
  0.19100957  0.27453467  0.10875569 -0.0005068  -0.0060262 ]","[-0.0016501   0.03169641  0.01040253  0.05953203  0.00246874  0.03139602
  0.1901225   0.27406659  0.10723339  0.00089819 -0.00627169]","[11.03166991 10.63246299  8.33799354 10.28880719 10.84779538 10.32027502
 10.76790664  8.67318739 11.32675985 13.07334333 11.79776461]","[ 0.          0.03400505  0.00288159  0.0595564   0.00837189  0.03129436
  0.17655974  0.27528879  0.11602831  0.00774409 -0.01183561]","[-0.00142901  0.01167136  0.00565255  0.02257032  0.000971    0.01861421
  0.07287628  0.09481558  0.02782233 -0.00025147 -0.0062023 ]",2048,1482,256,1586,0.0007501309415789962,0.0005850429641844388,0.006537727555069963,0.070531114965212,1.0,1.0,0.0,10.645269623292096,13.073343329985843,BUDGET_EXHAUSTED,False,39,3
"[0.08882605 0.1459953  0.2754988  0.05710574 0.20453904 0.00145334
 0.07424044 0.02178315 0.04673289 0.00033144 0.00511241]","[0.08786051 0.13879048 0.28494669 0.05400726 0.20418673 0.00451624
 0.07025788 0.02403944 0.04301107 0.0029117  0.0070906 ]","[ 7.9622394   8.09855293 12.2491652   8.093184   13.20786228 12.99506901
 12.30758414  8.31447541 11.00077287  9.42366489 10.69310057]","[0.06501219 0.1456349  0.26837314 0.05521062 0.20242833 0.03040437
 0.08553644 0.01341646 0.04713062 0.         0.00847151]","[ 0.04327557  0.06621313  0.14121742  0.01929823  0.09652385  0.00046213
  0.02838978  0.00712243  0.02281545  0.00014487 -0.00023339]",2048,1396,256,1567,0.004333642724496934,0.0035137330896677153,0.012333863760377718,0.06214870447213434,1.0,1.0,0.0,10.395060972161584,13.207862278973565,BUDGET_EXHAUSTED,False,40,0
"[-1.31610460e-04  1.03431763e-03 -8.27574720e-04 -4.03148468e-03
 -5.09753114e-03 -1.49846339e-01 -4.02772773e-02 -4.10156898e-02
 -2.68784249e-02 -1.10004839e-03 -7.49776577e-03]","[-0.00021299  0.00075741 -0.00088509 -0.0041298  -0.00524359 -0.14962142
 -0.03948259 -0.04188985 -0.02634978 -0.00166579 -0.00694595]","[ 9.36201939  9.39803907  9.2708001   9.59393711  7.05834848  9.81058795
  7.04786152  9.51375143  8.39966688 12.11155214  8.52780037]","[ 0.         -0.00031143 -0.0028575  -0.00623511 -0.00490176 -0.15105151
 -0.04005993 -0.03995165 -0.02233279 -0.00219465 -0.00577311]","[-0.0003347   0.00096029 -0.00047638 -0.00267439 -0.00341937 -0.08834146
 -0.0239213  -0.024388   -0.01782161 -0.00073784 -0.00493612]",2048,1424,256,1626,0.00047366126782960464,0.00038183063329213764,0.0018662185388186518,0.02004629974965992,1.0,1.0,0.0,9.099487675953226,12.111552142727485,BUDGET_EXHAUSTED,False,41,1
"[ 2.58258275e-02  1.41032092e-02  3.30236672e-02  2.70690450e-02
  1.87508134e-02  1.43207516e-01  6.75197955e-02  8.50134872e-02
  2.23654317e-01 -1.48034240e-05  8.68140818e-02]","[0.02629226 0.01476558 0.03378135 0.0288655  0.02009962 0.1453246
 0.06581354 0.08505463 0.21888405 0.00030911 0.08577673]","[10.40085298  9.11535309 10.89298342  6.78980457  9.13262594  6.72627091
 11.31510745  8.90223392  6.70384787  7.73243698  9.16312881]","[0.02722589 0.01905531 0.04324724 0.02874152 0.01288277 0.13740471
 0.06414105 0.10791693 0.21321588 0.         0.07113565]","[ 1.47840725e-02  8.07583372e-03  1.68229943e-02  1.78539030e-02
  9.97977009e-03  7.97439293e-02  4.37416521e-02  5.10166457e-02
  1.22173829e-01 -2.11159718e-06  4.70918922e-02]",2048,1429,256,1629,0.0018490390276797767,0.001366159265407038,0.009966611260170273,0.040684501843985095,1.0,1.0,0.0,8.806785994738501,11.315107446797223,BUDGET_EXHAUSTED,False,42,2
"[ 6.79153057e-03  1.42657158e-02  1.75484572e-03  1.34143523e-02
  6.14911157e-03 -5.37715903e-02 -1.13632586e-01 -8.70437763e-02
 -1.49643282e-01  8.07286846e-06  1.94301358e-02]","[ 0.00272667  0.00850735 -0.00129257  0.01027462  0.00363395 -0.05130038
 -0.10791508 -0.08669885 -0.13577427 -0.00198033  0.01754142]","[12.00569522 10.67868425  9.83218748  9.22647455  7.82526395  8.15900644
 12.09623533 10.63381062  7.91473176 10.41834923 11.74118535]","[ 0.00381239  0.          0.00539261  0.00790597  0.00513123 -0.04239392
 -0.11225359 -0.07050491 -0.14819681 -0.00530195  0.01413152]","[ 4.75552885e-03  1.01725503e-02  1.54313156e-03  1.07493308e-02
  5.72943838e-03 -3.91954879e-02 -7.07092180e-02 -5.71412177e-02
 -8.98973297e-02  5.05845426e-06  1.86839890e-02]",2048,1549,256,1605,0.00534227347350212,0.004073209650897077,0.008091796709391136,0.02439709266579253,1.0,1.0,0.0,10.048329472052437,12.096235330008563,BUDGET_EXHAUSTED,False,43,3
"[-5.64262677e-02 -5.76187142e-02 -2.94145052e-02 -5.15822498e-02
 -5.04528208e-02 -5.17426811e-03  7.53421734e-03 -1.54349128e-03
  1.00542604e-02  5.90019801e-08 -1.52715586e-05]","[-5.75785460e-02 -5.89196765e-02 -2.98094064e-02 -5.04100512e-02
 -5.07287324e-02 -5.07005635e-03  8.10114819e-03 -1.47019069e-03
  1.06133352e-02  4.12806267e-05  5.91843593e-04]","[11.78223693  8.31325124  9.32499571  6.75352437  8.05474721  6.72045963
  8.64360913  6.75823823  9.27200865  9.63302132 10.92253454]","[-0.05554756 -0.05641786 -0.03061194 -0.05172335 -0.05121656 -0.00445154
  0.00603577 -0.00475022  0.01014     0.          0.0039042 ]","[-3.60041201e-02 -3.83666759e-02 -2.08235512e-02 -3.30181343e-02
 -3.43121727e-02 -3.73987280e-03  4.66639170e-03 -3.87237855e-05
  6.82710124e-03  3.46281916e-08 -1.29256756e-04]",2048,1454,256,1626,0.0007164856255800096,0.0005680096997074507,0.0017234132856506286,0.011637050056130733,1.0,1.0,0.0,8.743511541638439,11.782236926708801,BUDGET_EXHAUSTED,False,44,0
"[ 1.18471727e-02  8.04430081e-03  7.50885373e-03  3.51080235e-02
  1.57735974e-02  3.59589862e-01  1.39453057e-01  8.41640640e-02
  6.53715459e-02 -9.23829221e-07  7.01125789e-02]","[0.01221224 0.00887531 0.00920118 0.03456544 0.01777869 0.36120126
 0.13441643 0.08194369 0.06539111 0.00101961 0.07036717]","[ 6.70663941  6.87314056  9.35637629  9.43896701  9.33475564 10.29692025
 11.0059243   8.95277527  9.01525781  6.94350645  9.35823987]","[-0.00669733  0.01861383  0.01554073  0.02694988  0.01025428  0.36933559
  0.13334112  0.07194081  0.07515059  0.          0.08254265]","[ 7.18084650e-03  4.47065625e-03  3.81000773e-03  2.03532172e-02
  1.03846037e-02  2.04817353e-01  7.21098787e-02  4.81027841e-02
  3.52180784e-02 -1.54388472e-06  3.73450070e-02]",2048,1497,256,1549,0.001954098700062844,0.0014181055362751096,0.010220398284854151,0.053993237874915695,1.0,1.0,0.0,8.84386389643625,11.005924295863089,BUDGET_EXHAUSTED,False,45,1
"[-3.26744847e-03 -6.49584550e-03  1.34222454e-02  2.63909205e-02
  8.07619565e-03  1.11192609e-01 -7.68217365e-02 -2.57663965e-01
 -1.81095257e-01 -1.62390645e-05  6.96293222e-02]","[-0.00437608 -0.00587207  0.01241663  0.03024651  0.00700523  0.11118735
 -0.07299206 -0.25640259 -0.18765832 -0.00047696  0.07027316]","[ 9.38010559  8.48226011  9.31103004  6.9783551   8.34021121  9.36502707
  9.31185272  7.09353625  7.00598393 11.54376246 12.0614054 ]","[-0.00818371 -0.01012204  0.01932118  0.0301509   0.          0.12630951
 -0.0969932  -0.25344047 -0.17179241 -0.0047181   0.07281915]","[ 3.74898946e-04 -1.13601045e-03  8.17257889e-03  1.60893830e-02
  5.65022523e-03  6.87057967e-02 -3.81080445e-02 -1.03916991e-01
 -7.32441581e-02 -7.39978301e-06  3.47936179e-02]",2048,1451,256,1620,0.002673097568734319,0.0018571362966903044,0.00916292307558569,0.06027886513081885,1.0,1.0,0.0,8.988502717267089,12.06140539996813,BUDGET_EXHAUSTED,False,46,2
"[-7.64549213e-03 -1.76122657e-02  2.94603746e-03 -2.87712984e-02
  9.31813962e-03 -7.29698799e-04 -3.95532658e-02 -2.33772635e-02
 -1.70928261e-01  6.56272034e-07 -3.68116090e-02]","[-0.00661479 -0.01635742  0.00393841 -0.03016517  0.01145882  0.00029966
 -0.04044947 -0.02410854 -0.17285756  0.00063259 -0.03894085]","[ 9.63150082 10.80755244  6.85886562  9.52939379 11.6368111   6.91682587
 10.59876742  8.73865468  9.22258898  8.32512334  7.06780685]","[-0.00740738 -0.01429525  0.         -0.02620285  0.01007849 -0.00526476
 -0.03946349 -0.0205225  -0.17478442  0.00310305 -0.03840522]","[-4.51530604e-03 -1.02237519e-02  2.13902129e-03 -1.68939889e-02
  7.44374412e-03 -9.52874661e-05 -2.41064821e-02 -1.73822643e-02
 -9.86272076e-02  3.60867951e-07 -2.39748584e-02]",2048,1385,256,1618,0.0013882584296391453,0.0012872519365396164,0.002741471488793882,0.02311393408337374,1.0,1.0,0.0,9.030353719555803,11.636811102423597,BUDGET_EXHAUSTED,False,47,3
"[-8.10717000e-02 -1.55234954e-02 -5.00256119e-02  3.26120090e-02
 -4.67740966e-02  4.31530383e-03  7.00148352e-03  6.58322363e-03
 -1.04671599e-02 -1.36005113e-07 -2.63980062e-03]","[-0.08035803 -0.01463951 -0.05120748  0.03122309 -0.04676871  0.00360951
  0.0073434   0.00649415 -0.01049796  0.00058523 -0.00177366]","[ 8.78046134  9.40469911  8.88688793  8.52381975  9.55824307  9.43693731
  6.99248389  9.21084284 11.8946776   6.86644856  8.83746351]","[-0.08318739 -0.01462511 -0.05314172  0.0336576  -0.04344272  0.0036631
  0.00657382  0.00926057 -0.01271289  0.         -0.00203524]","[-3.25112503e-02 -6.70065905e-03 -2.08694567e-02  1.75083764e-02
 -1.61551779e-02  2.22381210e-03  4.96163261e-03  3.98531795e-03
 -2.88278523e-03 -1.26032361e-07 -3.77715970e-04]",2048,1375,256,1619,0.0007587950831744851,0.0006175375322959,0.0019157245178270659,0.02029241507040576,1.0,1.0,0.0,8.944814990925003,11.894677597656472,BUDGET_EXHAUSTED,False,48,0
"[ 2.31762064e-02  1.19744277e-02  5.73372612e-03  1.56241256e-01
  1.43144867e-02  2.45950183e-01  1.55971215e-01  4.79015514e-02
  6.78540284e-02 -1.00929366e-17  1.96855479e-02]","[0.0210493  0.01082172 0.00646749 0.15131467 0.01385136 0.24431049
 0.16158498 0.04693264 0.07245437 0.0007253  0.01929031]","[ 6.7424349   6.83735543  9.09342292  8.96448575 11.98950732 10.54607535
  8.99467846  6.9344992   8.70875512  8.6085981   9.1935907 ]","[ 0.02577022 -0.00498683  0.00801201  0.14873059  0.01302162  0.26220557
  0.15912736  0.04227493  0.07965783  0.          0.01498933]","[ 1.27628642e-02  5.61206919e-03  3.18418837e-03  7.30952719e-02
  7.17430332e-03  8.51326365e-02  8.94102849e-02  2.50302986e-02
  4.03854088e-02 -4.44089210e-19  9.17393505e-03]",2048,1441,256,1636,0.0028262360666360875,0.002122394729742094,0.008659872996361909,0.059391159532535216,1.0,1.0,0.0,8.78303665936991,11.98950731533498,BUDGET_EXHAUSTED,False,49,1
